Rk,School,G,Pts,Pass_Cmp,Pass_Att,Pass_Pct,Pass_Yds,Pass_TD,Rush_Att,Rush_Yds,Rush_Avg,Rush_TD,Total_Plays,Total_Yds,Avg_Total_yrds,Pass_FD,Rush_FD,Pen_FD,Tot_FD_per_game,No_Penalties_per_game,Penalty_Yds,Fum,Int,TO,Year,Conference
1,Ohio State,11,10.7,15.5,25.6,60.3,151.7,0.4,33.3,90,2.7,0.7,58.9,241.7,4.1,6.7,5.9,1.6,14.3,3.5,24.5,0.7,0.6,1.4,2024,Big Ten
3,Texas,11,12.1,16.4,28.4,57.7,143.5,0.4,34,104,3.1,0.8,62.4,247.5,4,7.4,6.1,1.3,14.7,5.4,42.4,0.6,1.5,2.2,2024,Big 12
4,Tennessee,11,13.1,17.4,30.2,57.5,185.5,0.7,35.5,98.8,2.8,0.7,65.7,284.3,4.3,8.6,6.5,1.8,16.9,7.1,53.3,0.8,0.9,1.7,2024,SEC
5,Ole Miss,11,13.9,20.4,33.5,60.7,224.8,0.9,36.6,87.5,2.4,0.5,70.2,312.4,4.5,9.8,6.4,2.8,19,6.6,58,0.9,0.8,1.7,2024,SEC
7,Penn State,11,14.6,16.7,28.5,58.6,174.1,0.9,31.1,99.3,3.2,0.5,59.6,273.4,4.6,8.1,6.7,1.3,16.1,3.7,29.9,0.5,0.8,1.3,2024,Big Ten
8,Oregon,11,15.7,16.4,30.5,53.7,168.8,0.7,30.6,118.5,3.9,1,61.1,287.4,4.7,8,6.3,1.7,16,6.1,49.4,0.5,0.9,1.4,2024,Big Ten
9,Indiana,11,16,19.6,31.3,62.8,184.9,0.9,29.3,76.1,2.6,0.9,60.5,261,4.3,8.2,5.4,1.6,15.2,5.9,46.5,0.5,1.1,1.6,2024,Big Ten
11,Alabama,11,17.5,18.3,30.7,59.5,181.2,1,37.5,143.5,3.8,0.9,68.3,324.7,4.8,8.4,8,2.5,18.9,6,49.2,1,1.3,2.3,2024,SEC
12,Iowa,11,17.7,20,32.2,62.1,196.6,1.6,30,115.1,3.8,0.2,62.2,311.7,5,9.1,6.9,1,17,5.8,45.5,0.5,1.5,2,2024,Big Ten
14,South Carolina,11,18.2,17.5,30.7,56.8,200.3,0.8,35.2,103.4,2.9,1.3,65.9,303.6,4.6,9.1,6.6,1.6,17.4,6.5,55.9,0.7,1.1,1.8,2024,SEC
15,Georgia,11,18.5,16.6,29,57.4,186.5,0.9,34.3,124.5,3.6,1,63.3,311.1,4.9,8.1,6.8,2,16.9,5.7,44.7,0.8,0.5,1.4,2024,SEC
16,Minnesota,11,18.5,17.7,29.4,60.4,182.7,0.9,32.1,119.5,3.7,1.2,61.5,302.3,4.9,9,6.5,1.5,17,5,49.4,0.4,1.5,1.8,2024,Big Ten
20,Iowa State,11,19.5,14.1,26.5,53.1,151.2,0.8,34.9,176.4,5.1,1.3,61.5,327.5,5.3,7.9,8.3,0.7,16.9,6.5,55.9,0.5,1.3,1.7,2024,Big 12
22,Missouri,11,20,14.8,24.7,59.9,181.5,1.2,32.9,132.5,4,1,57.6,314,5.4,7.5,6.6,1.3,15.5,5.7,51.3,0.7,0.5,1.3,2024,SEC
23,Oklahoma,11,20.2,17,28.5,59.6,205.8,1.3,37,105.5,2.9,0.7,65.5,311.3,4.7,8.9,6.3,1.5,16.6,6.5,54.7,1,0.8,1.8,2024,Big 12
26,Kentucky,11,20.4,15.3,23.7,64.4,188.7,0.8,35,144,4.1,1.5,58.7,332.7,5.7,8.1,8.1,1.3,17.5,7.1,58.4,0.5,0.9,1.4,2024,SEC
27,Nebraska,11,20.5,18.9,29.4,64.4,218.3,2,30.7,110.9,3.6,0.5,60.1,329.2,5.5,9.5,5.8,1.9,17.2,6.8,68.9,0.5,1,1.5,2024,Big Ten
28,Washington,11,20.5,15.9,29.6,53.7,160.5,1,35.5,152.3,4.3,1.3,65.2,312.7,4.8,7.5,9.4,2.5,19.4,5,41.3,0.5,0.7,1.2,2024,Pac-12
29,Auburn,11,20.7,16.5,30,54.8,209.1,1.1,36.8,110.2,3,1.3,66.8,319.3,4.8,8,7.2,1.9,17.1,6.5,52.4,0.2,0.6,0.8,2024,SEC
30,California,11,20.7,20,35.4,56.6,228.3,1.1,33.3,106.4,3.2,1.5,68.6,334.6,4.9,11.2,5.5,2.1,18.7,5.9,56.5,0.5,1.5,2,2024,Big Ten
32,USC,11,21.2,22.8,33.7,67.7,235.6,0.9,30.6,130.1,4.2,1.4,64.4,365.7,5.7,11.2,6.9,1.5,19.5,6.1,48.3,0.5,0.8,1.3,2024,Big Ten
33,Kansas State,11,21.3,19.7,31.6,62.4,231.5,1.5,32.2,108.4,3.4,0.9,63.8,339.9,5.3,10.2,6.1,2,18.3,4.9,38.1,0.5,0.8,1.3,2024,Big 12
35,Utah,11,21.3,16.3,30.8,52.8,199.7,1.3,32.7,125.5,3.8,1.1,63.5,325.2,5.1,8.5,6.4,1.2,16,6.1,42.5,0.5,0.9,1.4,2024,Big 12
36,Illinois,11,21.5,19,31.6,60.1,212.1,1.5,34.5,153.3,4.4,1,66.1,365.4,5.5,10,9.3,1.4,20.6,5.9,54.2,0.5,0.8,1.4,2024,Big Ten
37,Michigan,11,21.5,20.6,33.6,61.4,222.3,1.5,30,94,3.1,0.9,63.6,316.3,5,9.8,6.5,1.5,17.7,4.5,32.3,0.4,0.8,1.2,2024,Big Ten
38,Texas A&M,11,21.5,17.2,32.8,52.4,227.7,1.4,32.8,128.4,3.9,1.1,65.6,356.1,5.4,9.3,7.3,2,18.5,6.4,52.5,0.3,1.1,1.4,2024,SEC
39,Vanderbilt,11,21.9,20.2,30,67.3,236.6,1.5,31.3,123.5,4,1.2,61.3,360.2,5.9,11,7.2,1.5,19.6,6,51.1,0.4,0.7,1.1,2024,SEC
40,Clemson,11,22,18.4,33.7,54.4,210.8,1.6,32,139.6,4.4,1,65.7,350.5,5.3,9,7.4,3,19.4,6.5,57.4,0.6,1.2,1.8,2024,ACC
42,Houston,11,22.3,17.4,28.5,60.8,190.8,1.6,34.3,131.1,3.8,1,62.8,321.9,5.1,8.7,7.1,1.7,17.5,4.5,41.5,0.4,1.1,1.5,2024,Big 12
43,Miami (FL),11,22.3,17.5,31.3,55.8,194.3,1.5,29.6,111.1,3.7,1,60.9,305.4,5,9.2,5.7,2.3,17.2,5.5,40.7,0.3,1.3,1.5,2024,ACC
45,Duke,11,22.6,17.8,32.5,54.9,193.6,1.3,40.3,153,3.8,1.1,72.7,346.6,4.8,8.5,8.5,2.6,19.7,6.9,61.2,1.2,1.1,2.3,2024,ACC
50,Arizona State,11,22.8,20.7,34.5,60,228.4,1.2,31,119.7,3.9,1.6,65.5,348.1,5.3,11.9,7.1,1.8,20.8,5.6,53.7,0.5,1.2,1.6,2024,Big 12
52,Wisconsin,11,23,16.8,27,62.3,176.5,0.9,35.4,163.4,4.6,1.7,62.4,339.8,5.4,8.1,8.9,1,18,5.7,46.7,0.7,0.4,1.1,2024,Big Ten
53,Georgia Tech,11,23.1,19.3,30.6,62.9,219.3,1.5,29.6,121.3,4.1,1.1,60.3,340.5,5.7,9.2,7,1.5,17.6,4.1,38,0.5,0.5,0.9,2024,ACC
55,Virginia Tech,11,23.3,16.4,30.3,54.1,217.5,1.6,38.2,149.9,3.9,1.3,68.5,367.5,5.4,9.2,7.9,1.5,18.5,6,56.9,0.8,1.1,1.9,2024,ACC
61,Colorado,11,24,18.6,30.5,61,216.3,1.5,39.6,156.2,3.9,1.3,70.2,372.5,5.3,9.1,9.6,2.3,21,7.4,64.6,0.9,0.9,1.8,2024,Big 12
63,Louisville,11,24.1,20.6,33.3,62,229.4,1.6,35.9,133.6,3.7,1.3,69.2,363,5.2,9.9,8.1,1.6,19.6,4.8,44.2,0.5,0.5,1,2024,ACC
64,Boston College,11,24.2,20.4,33.3,61.2,242.2,1.2,32.2,121.8,3.8,1.3,65.5,364,5.6,11.2,7.1,1.4,19.6,6.4,56.5,0.5,1.4,1.9,2024,ACC
65,Kansas,11,24.3,18.5,29.9,62,232.6,1.9,32.9,140.8,4.3,0.7,62.8,373.5,5.9,10.1,9,1.2,20.3,4.6,41.3,0.5,1.1,1.5,2024,Big 12
66,LSU,11,24.4,17.1,27.9,61.2,214.6,0.8,32.3,144.7,4.5,2.1,60.2,359.4,6,8.9,7.6,1.1,17.6,7.9,72.5,0.7,0.4,1.1,2024,SEC
67,Arkansas,11,24.6,20.8,33.1,62.9,251.1,1.9,34.5,115.4,3.3,0.9,67.5,366.5,5.4,11.3,5.9,2.6,19.8,6.7,57.7,0.5,0.7,1.2,2024,SEC
68,Michigan State,11,24.7,17.5,28.8,60.9,211.5,1.7,32.4,117.5,3.6,1.5,61.2,329,5.4,10.3,5.9,2,18.2,4.4,35.2,0.2,0.8,1,2024,Big Ten
69,Rutgers,11,24.7,20.7,33.9,61.1,241.7,1.3,30.9,151.5,4.9,2,64.8,393.2,6.1,10.1,8.2,1.7,20,6.5,51.4,0.5,0.5,1,2024,Big Ten
70,Cincinnati,11,25,17.7,28.5,62.3,223.7,1.5,34.7,166.2,4.8,1.2,63.2,389.9,6.2,9.6,7.6,1.6,18.9,5.5,43.7,0.8,0.4,1.2,2024,Big 12
73,Northwestern,11,25.3,21.4,34,62.8,237.5,1.3,32.2,122.5,3.8,1.6,66.2,359.9,5.4,11.5,7.2,0.9,19.5,3.5,30.5,0.5,0.7,1.3,2024,Big Ten
74,Florida,11,25.5,19.8,33,60.1,244.7,1.5,40.1,161.4,4,1.5,73.1,406.1,5.6,11.1,10,1.7,22.8,5.5,49.1,0.5,1,1.5,2024,SEC
77,Baylor,11,26,18.3,30.5,59.8,222.8,1.7,39.4,150.1,3.8,1.2,69.9,372.9,5.3,10.2,8.1,2.5,20.8,5.9,53.3,0.5,1,1.5,2024,Big 12
80,UCLA,11,26.4,21.7,33.3,65.3,247,1.6,30.2,99.3,3.3,1.5,63.5,346.3,5.5,11.6,6.2,2.8,20.6,4.7,40.5,0.2,0.9,1.1,2024,Big Ten
83,North Carolina,11,27.5,17,30,56.7,231.7,1.4,36.5,137.5,3.8,1.6,66.5,369.3,5.6,8.5,8.1,2.1,18.7,7,62.5,0.5,0.7,1.3,2024,ACC
85,TCU,11,27.6,18.2,31.1,58.5,195.6,1.3,38.5,159.9,4.2,1.7,69.5,355.5,5.1,9,9.9,1.7,20.6,5.5,46.9,0.4,0.6,1,2024,Big 12
86,Florida State,11,27.7,17.3,27.6,62.5,207.5,1.3,39.9,180.1,4.5,1.7,67.5,387.5,5.7,9.4,9.5,2.3,21.2,4.5,41.5,0.2,0.3,0.5,2024,ACC
88,Syracuse,11,27.8,19.2,29.6,64.7,203.9,1.5,29.7,153.6,5.2,1.4,59.4,357.5,6,9.3,7.4,2.1,18.7,4.9,43.3,0.4,0.8,1.2,2024,ACC
93,Virginia,11,28,20.8,33.7,61.7,263.9,1.7,34.7,140.1,4,1.5,68.5,404,5.9,10.5,7.8,1.5,19.7,7.3,60.7,0.5,0.8,1.4,2024,ACC
96,Maryland,11,29.2,20,32.2,62.1,245.7,1.8,34.4,129.3,3.8,1.4,66.5,375,5.6,10.5,7.7,2.5,20.7,6.1,53.3,0.6,0.8,1.5,2024,Big Ten
98,West Virginia,11,29.2,18.3,28.9,63.2,260.7,2,34.6,135.3,3.9,1.9,63.5,396,6.2,11.7,8.2,1.4,21.3,6.5,56.8,0.5,0.4,0.9,2024,Big 12
99,Washington State,11,29.3,23.8,38,62.7,259.8,1.7,32.8,177.3,5.4,1.9,70.8,437.1,6.2,12,8.3,2.2,22.5,7.5,60.3,0.5,1.2,1.7,2024,Pac-12
100,Oregon State,11,29.5,15.7,25.8,60.9,215.8,1.2,33.7,178.2,5.3,2.2,59.5,394,6.6,9.5,9.3,1.5,20.2,5.4,51.3,0.5,0.5,1,2024,Pac-12
103,Arizona,11,30.2,18.8,30,62.7,227.8,1.6,35.5,164.3,4.6,2,65.5,392.1,6,9.4,9.4,2,20.7,4.9,41.7,0.7,0.7,1.5,2024,Big 12
105,North Carolina State,11,30.5,20.4,33,61.7,238,1.5,32.2,138.4,4.3,1.9,65.2,376.4,5.8,10.5,7.3,1.7,19.5,6.1,53.9,0.7,0.7,1.5,2024,ACC
116,Wake Forest,11,33.4,26.7,38.3,69.8,281.7,2,35.3,162.5,4.6,1.6,73.5,444.3,6,14.7,10.2,1.2,26.1,6.5,62.5,0.5,0.9,1.4,2024,ACC
117,Stanford,11,33.6,20.9,31.6,66.1,271.1,2.5,32.5,139.7,4.3,1.9,64.1,410.8,6.4,11.7,7.4,1.3,20.4,6.8,63.4,0.6,0.7,1.4,2024,ACCF
118,Oklahoma State,11,34.1,20,33,60.6,271.7,1.9,40.7,231.5,5.7,2.5,73.7,503.3,6.8,11.9,11.9,1.1,24.9,5,47,0.3,1,1.3,2024,Big 12
122,Mississippi State,11,34.8,20.5,28.8,71.3,248.3,2,42.9,213.5,5,2,71.7,461.8,6.4,11.5,10.8,1.8,24.1,6.5,60.5,0.5,0.6,1.1,2024,SEC
126,Texas Tech,11,36.3,24,37.6,63.8,309,2.3,33,147.2,4.5,2.3,70.6,456.2,6.5,13.6,7.1,2.5,23.2,6.2,54.6,0.5,1.1,1.6,2024,Big 12
130,Purdue,11,37.5,17.7,27.3,65,243.9,1.9,38.9,197,5.1,2.7,66.2,440.9,6.7,10.8,10.8,1.8,23.5,5.2,47.9,0.1,0.4,0.5,2024,Big Ten
1,Michigan,15,10.4,15.3,27.7,55.2,157,0.5,30,90,3,0.6,57.7,247,4.3,7,5.5,0.8,13.3,5.1,40.3,0.6,1.2,1.8,2023,Big Ten
2,Ohio State,13,11.2,15.2,28.9,52.7,145.9,0.7,34.8,119.5,3.4,0.5,63.7,265.4,4.2,7.3,6.8,1.5,15.6,4.8,40.7,0.3,0.5,0.8,2023,Big Ten
3,Penn State,13,13.5,15.3,26.2,58.5,172.1,0.8,33.4,75.5,2.3,0.8,59.5,247.6,4.2,7.5,5.1,1.3,13.9,5.5,42.3,0.9,0.9,1.8,2023,Big Ten
4,Iowa,14,14.8,18.9,33.7,56.1,170.7,0.8,35.6,111.8,3.1,0.5,69.3,282.5,4.1,8.4,6.9,1.1,16.4,6.1,52,0.4,0.7,1.1,2023,Big Ten
5,Georgia,14,15.6,16.7,30.5,54.8,175.4,0.9,30.1,113.6,3.8,0.9,60.6,289.1,4.8,8.1,6.7,1.2,16,5,38.9,0.2,1,1.2,2023,SEC
9,Oregon,14,16.5,21.1,35.1,60.2,215.9,1.1,28.6,102.6,3.6,0.7,63.8,318.4,5,10,6,2.1,18.1,5.5,44.5,0.4,0.9,1.3,2023,Pac-12
13,Nebraska,12,18.3,20.4,34.3,59.5,210.6,1.2,31.3,92.9,3,0.8,65.7,303.5,4.6,9.8,5.5,1.3,16.6,5.9,52.6,0.4,0.8,1.2,2023,Big Ten
14,UCLA,13,18.4,21,34.6,60.7,220.8,1.2,30.5,80.8,2.7,0.4,65.1,301.5,4.6,10,5.2,1.9,17.2,5.5,47.8,0.7,1.2,1.8,2023,Pac-12
15,Texas,14,18.9,21.9,35.9,61,254.4,1.5,28.4,82.4,2.9,0.6,64.3,336.7,5.2,11.1,5.1,1.4,17.7,4.5,34.6,0.6,1.1,1.7,2023,Big 12
16,Alabama,14,19,17.5,29.5,59.3,191.1,1.2,33.6,124.9,3.7,1.1,63.1,316,5,8.1,6.8,1.4,16.3,5.1,39.2,0.5,0.9,1.4,2023,SEC
17,Duke,13,19,20,32.1,62.4,210.8,0.8,36.4,141.9,3.9,1.2,68.5,352.7,5.2,10.6,8.5,1.2,20.3,6.3,57.3,0.4,0.8,1.2,2023,ACC
18,Florida State,14,19.3,14.4,29.7,48.3,179.7,0.9,36.4,152.2,4.2,1.2,66.1,331.9,5,7.5,8.1,2.2,17.8,7.4,61.8,0.5,0.7,1.2,2023,ACC
19,Utah,13,19.3,18.9,32.4,58.4,224.4,1.3,26.5,82.8,3.1,1,58.9,307.2,5.2,9.7,4.3,1.3,15.3,7.1,53.4,0.5,0.6,1.2,2023,Pac-12
21,Wisconsin,13,20.2,19.5,32.1,60.9,208.9,1.5,35.2,135.1,3.8,1,67.2,344,5.1,9.8,7.4,1.3,18.5,5.6,47.7,0.3,1,1.3,2023,Big Ten
22,Tennessee,13,20.3,20.8,31.8,65.2,221.5,1.2,35.6,113.7,3.2,1,67.5,335.2,5,9.5,6.7,2.5,18.8,5.5,40.2,0.5,0.9,1.4,2023,SEC
25,Missouri,13,20.8,19.2,31.2,61.6,213.2,1.7,32.4,122.8,3.8,0.6,63.6,336.1,5.3,9.2,7,1.8,18,7.5,60.5,0.8,0.7,1.5,2023,SEC
26,North Carolina State,13,20.8,18.3,32.4,56.5,215.6,1.5,29.2,116.5,4,1,61.5,332.1,5.4,9.5,6,1.5,17,6.2,57.2,0.5,1.3,1.8,2023,ACC
27,Kansas State,13,21,19,33.7,56.4,225.1,1.2,31,147.5,4.8,1.2,64.7,372.5,5.8,9.8,6.2,1.3,17.3,5.5,50.1,0.8,1,1.8,2023,Big 12
30,Arizona,13,21.1,19.8,33.3,59.6,239.7,1.2,32.5,118.2,3.6,1.5,65.8,357.9,5.4,10.5,6.9,2.2,19.6,7.2,63.5,0.8,0.7,1.5,2023,Pac-12
32,Clemson,13,21.1,16.3,30.8,52.9,173.2,1,30.5,114.6,3.8,1.3,61.3,287.8,4.7,7.1,5.6,1.5,14.2,5.5,47.8,0.9,1.2,2.2,2023,ACC
34,Rutgers,13,21.2,17.2,28.7,59.8,176.3,1.2,34.2,137.2,4,1.2,62.8,313.5,5,7.5,9,1.8,18.4,4,36.9,0.7,0.7,1.4,2023,Big Ten
35,Louisville,14,21.3,16.5,29.7,55.5,217.3,1.6,29.9,99.8,3.3,0.9,59.6,317.1,5.3,8.6,5.7,1.5,15.9,5.8,49.9,0.5,0.9,1.4,2023,ACC
36,Texas A&M,13,22.1,16.7,28.1,59.5,207.4,1.5,32.4,108.8,3.4,0.7,60.5,316.2,5.2,9.5,5.6,1.4,16.5,8.3,73.6,0.3,0.7,1,2023,SEC
40,Maryland,13,22.5,18.2,31.8,57,208.6,1.3,36.9,125.5,3.4,1.1,68.8,334.1,4.9,9.8,8.5,2.3,20.6,6,54.1,0.5,1.3,1.8,2023,Big Ten
41,Northwestern,13,22.5,17.8,27.5,64.8,182.9,1.2,38.8,157.8,4.1,1.5,66.3,340.8,5.1,8.2,9.1,1.1,18.4,4.2,37.8,0.7,1,1.7,2023,Big Ten
42,Ole Miss,13,22.5,19.4,31.8,60.9,229.5,1.3,38.2,152.8,4,1.5,70,382.2,5.5,10.4,8.3,1.7,20.4,5.6,47.8,0.4,1,1.4,2023,SEC
43,Auburn,13,22.6,16.3,27.6,59.1,202.2,1.5,35.6,155,4.4,1.2,63.2,357.2,5.6,8.1,8.2,0.8,17.2,7,59.8,0.5,0.9,1.4,2023,SEC
44,Iowa State,13,22.8,19.2,34.5,55.8,228.9,1.6,35.1,134.2,3.8,0.9,69.5,363.2,5.2,10.2,7.8,1.9,20,4.2,35.8,0.2,1.2,1.5,2023,Big 12
45,Miami (FL),13,22.8,17.3,30.5,56.8,216,1.2,31.7,105.6,3.3,1.4,62.2,321.6,5.2,8.9,6.3,1.9,17.2,5.9,49.9,0.5,0.9,1.4,2023,ACC
47,Oregon State,13,22.9,20.3,32.8,62,235.8,1.8,31.8,114.2,3.6,1.1,64.5,350.1,5.4,10.2,7.8,1.9,20,5.2,37,0.5,0.9,1.5,2023,Pac-12
49,Oklahoma,13,23.5,20.7,36.5,56.8,250.8,1.4,35.5,138.6,3.9,1.1,71.9,389.4,5.4,10.8,7.3,1.8,20,5.8,47.8,0.5,1.5,2,2023,Big 12
51,Virginia Tech,13,23.9,16,26.2,61,168.8,1.2,35.3,148,4.2,1.6,61.5,316.8,5.1,7.5,7.7,1.7,16.9,5.5,43.7,0.7,0.5,1.2,2023,ACC
56,Washington,15,24.8,23,38.9,59.2,258.6,1.5,31.6,148.1,4.7,1.7,70.5,406.7,5.8,11.2,8.3,2.7,22.1,6.7,59.4,0.3,1.1,1.3,2023,Pac-12
57,Syracuse,13,25.4,20.7,32.7,63.3,232.4,1.6,38.5,148.2,3.9,1.2,71.2,380.5,5.3,9.7,9.4,2.3,21.4,5.5,53.5,1,0.7,1.7,2023,ACC
61,Kentucky,13,25.8,22.4,33.1,67.7,240.5,1.5,34.6,113.1,3.3,1.5,67.7,353.5,5.2,11.4,7.5,1.5,20.4,6.5,58.6,0.5,0.8,1.4,2023,SEC
63,Texas Tech,13,26,20.5,34.1,60.3,229.2,1.2,36.9,160.4,4.3,1.5,71,389.5,5.5,10.5,8.4,1.7,20.6,5.6,47,0.3,1,1.3,2023,Big 12
65,West Virginia,13,26.2,19.3,32.1,60.2,237.4,2,33.8,143.4,4.2,1.2,65.8,380.8,5.8,10.5,8.2,1.2,19.8,6.3,56.7,0.4,0.8,1.2,2023,Big 12
66,South Carolina,12,26.3,20.4,33.4,61.1,246.3,1.3,38.5,149.4,3.9,1.6,71.9,395.7,5.5,10.5,9.3,1.4,21.3,5.6,44.2,0.6,0.8,1.4,2023,SEC
67,Kansas,13,26.5,19.5,29.4,66.2,216.7,1.2,36.3,161.5,4.4,2,65.7,378.2,5.8,10.2,8.4,2,20.5,5.3,50.7,0.3,1.1,1.4,2023,Big 12
68,Mississippi State,12,26.6,19.3,28.3,67.9,204.7,1.8,37.4,145.9,3.9,1.2,65.8,350.6,5.3,8.6,8.2,1.6,18.3,5.6,45.5,0.4,0.6,1,2023,SEC
70,Minnesota,13,26.7,18.8,30.1,62.4,219.3,1.8,31.8,149.1,4.7,1.5,61.9,368.4,5.9,9.7,7.5,1.2,18.5,5.4,49.5,0.5,0.9,1.5,2023,Big Ten
74,Wake Forest,12,27.2,18.2,29.5,61.6,232.3,2,36.7,154.3,4.2,1.1,66.2,386.7,5.8,9.9,7.6,1.2,18.7,6.7,63,0.7,0.7,1.3,2023,ACC
75,North Carolina,13,27.3,20.6,33.2,62.2,241.2,1.5,38.8,163.2,4.2,1.6,71.9,404.4,5.6,11.5,8.7,2.2,22.4,7,56.2,0.8,0.9,1.7,2023,ACC
78,Florida,12,27.6,16.3,27.2,59.8,226.7,1.5,32.2,155.6,4.8,1.8,59.3,382.3,6.4,9.2,7,1.5,17.7,6,46,0.3,0.3,0.6,2023,SEC
79,TCU,12,27.8,19.9,33.3,59.8,253.7,1.3,38.9,154.7,4,1.8,72.3,408.3,5.7,10.3,8.5,2.3,21.1,4.9,38.8,0.3,0.7,1,2023,Big 12
80,Arkansas,12,27.9,16,26.5,60.4,202.8,1.9,36.4,154.4,4.2,1.1,62.9,357.2,5.7,8.6,8.3,1.9,18.8,5.4,42.9,0.4,1,1.4,2023,SEC
82,LSU,13,28,20.6,32.3,63.8,255.6,1.8,35.5,161,4.5,1.8,67.8,416.6,6.1,11.1,8.9,1.1,21.1,7.1,57.2,0.3,0.8,1.1,2023,SEC
85,Washington State,12,28.1,20.1,33.3,60.4,238.6,1.2,35.4,150.8,4.3,2.2,68.7,389.4,5.7,10.2,8,1.9,20.1,6.4,54.1,0.6,0.7,1.3,2023,Pac-12
86,Boston College,13,28.3,14.9,25.7,58.1,197.2,1.5,35.5,187.9,5.3,2.3,61.2,385.1,6.3,9.1,8.2,1.7,19,6.1,49.2,0.7,0.6,1.3,2023,ACC
87,Michigan State,12,28.3,18.8,30.5,61.7,237.8,2,36.7,151,4.1,1.2,67.2,388.8,5.8,10.2,8.8,2.3,21.2,4.7,47.9,0.6,0.8,1.3,2023,Big Ten
91,Oklahoma State,14,28.6,19.2,31.6,60.7,275,1.9,36.6,166.8,4.6,1.6,68.2,441.8,6.5,10.4,8.6,1.1,20,5.6,45.2,0.7,0.9,1.6,2023,Big 12
96,Illinois,12,29.4,20.1,33.3,60.4,228.1,1.8,38.3,149.2,3.9,1.6,71.5,377.3,5.3,10.9,8.7,2.8,22.3,5.7,47.8,0.7,0.6,1.3,2023,Big Ten
97,Georgia Tech,13,29.5,17.3,28.3,61.1,215.8,1.4,41.2,221.3,5.4,2.2,69.5,437.1,6.3,9.2,11.4,1.5,22.1,6.5,58.2,0.8,1.1,1.9,2023,ACC
101,Indiana,12,29.9,18.5,30.4,60.8,237.8,2.1,37.3,156.3,4.2,1.5,67.8,394.1,5.8,10.3,9,1.8,21,6.5,60.1,0.3,0.8,1.1,2023,Big Ten
102,Cincinnati,12,30,15.5,27.3,56.7,225.8,1.7,33.1,176.9,5.3,2,60.4,402.8,6.7,8.8,9.1,1.9,19.8,5,36.4,0.4,0.7,1.1,2023,Big 12
105,Purdue,12,30.4,16.8,30.8,54.3,241.5,1.8,35.9,140.6,3.9,1.8,66.8,382.1,5.7,10.4,7.2,2.3,19.9,5.9,49.8,0.7,0.8,1.5,2023,Big Ten
108,Houston,12,31.5,21.9,32,68.5,255.3,1.8,38.9,168.6,4.3,2.3,70.9,423.9,6,11.9,9.9,1,22.8,5.3,47.3,0.4,0.8,1.2,2023,Big 12
109,Arizona State,12,31.8,22.6,34.9,64.7,263.3,2.3,31.8,133.5,4.2,1.3,66.7,396.8,6,11.7,7.6,1.6,20.8,7.3,60.2,0.3,0.4,0.8,2023,Pac-12
114,California,13,32.8,23.5,37.4,63,280.7,2.3,35.1,133.4,3.8,1.8,72.5,414.1,5.7,12.2,7.7,1,20.8,6.5,60,1.2,0.9,2.2,2023,Pac-12
116,Baylor,12,33.3,17.8,27.3,64.9,236.4,1.8,36.7,184.9,5,2.3,64,421.3,6.6,10.8,8.7,0.7,20.1,4.8,42.4,0.8,0.6,1.3,2023,Big 12
120,Virginia,12,33.8,19.3,31.5,61.4,224.8,1.6,36.2,184.5,5.1,2.3,67.7,409.3,6,9.9,9.9,1.8,21.6,5.8,56.3,0.5,0.7,1.2,2023,ACC
121,USC,13,34.4,20.5,32.1,64,246.4,2.4,38.9,186.5,4.8,1.9,71,432.8,6.1,10.3,9.8,2.6,22.7,6.3,54.6,0.7,0.5,1.2,2023,Pac-12
124,Colorado,12,34.8,22.4,34.8,64.5,276.9,2.3,37.6,176.4,4.7,2,72.3,453.3,6.3,13.3,9.3,2.1,24.6,7.8,73.6,0.8,0.8,1.7,2023,Pac-12
129,Vanderbilt,12,36.2,24.2,35.1,68.9,279.6,2.2,34.4,175.3,5.1,1.9,69.5,454.9,6.5,12.6,8.5,1.3,22.4,7.3,61.8,0.3,1,1.3,2023,SEC
132,Stanford,12,37.7,23.3,35.3,66.2,298,2.7,35,163.7,4.7,2.4,70.3,461.7,6.6,13.2,10.5,1.6,25.3,6.9,65.4,0.3,0.7,0.9,2023,Pac-12
1,Illinois,13,12.8,16.4,31.9,51.3,173.8,0.7,30.4,99.8,3.3,0.5,62.3,273.5,4.4,8.2,5.2,2,15.3,4.9,46.5,0.6,1.8,2.5,2022,Big Ten
2,Iowa,13,13.3,18.8,32.2,58.6,169.5,1,35.8,101.3,2.8,0.3,67.9,270.8,4,7.6,7,1,15.6,4.9,40,0.6,1.2,1.8,2022,Big Ten
4,Minnesota,13,13.8,17.6,30.2,58.3,185.7,0.6,28.9,109,3.8,0.8,59.2,294.7,5,8.4,6.1,0.8,15.3,4.9,41.4,0.3,1.1,1.4,2022,Big Ten
5,Georgia,15,14.3,19.6,34.1,57.5,219.7,1,26.7,77.1,2.9,0.5,60.8,296.8,4.9,9.4,4.5,1.6,15.5,5.5,40.8,0.5,0.8,1.3,2022,SEC
7,Michigan,14,16.1,18.3,32.7,55.9,194.2,0.8,30.1,97.9,3.3,0.7,62.8,292.1,4.7,8.9,5.6,1,15.4,4.4,44.9,0.3,1,1.3,2022,Big Ten
9,Alabama,13,18.2,18.3,33.4,54.8,187.8,0.9,35.9,130.4,3.6,1.2,69.3,318.2,4.6,8.8,7.2,2.6,18.5,6.7,51,0.5,0.5,1.1,2022,SEC
10,Penn State,13,18.2,19.1,36.6,52.1,212.3,0.9,33.5,111.2,3.3,1.1,70.2,323.5,4.6,9.3,7.2,1.6,18.1,6.1,50.1,0.9,1.1,2,2022,Big Ten
11,Kentucky,13,19.2,15.8,26.7,59.4,170.8,0.8,33.3,140.6,4.2,1.2,60,311.4,5.2,7.5,6.6,1,15.2,5.7,49.5,0.5,0.8,1.3,2022,SEC
12,Louisville,13,19.2,16.2,27.8,58.3,197,1.3,37.4,133.2,3.6,1,65.2,330.2,5.1,8.1,8.5,1.8,18.3,7.8,55.7,1.2,1.2,2.3,2022,ACC
13,North Carolina State,13,19.2,20.3,35.5,57.3,226.2,1.2,30,100.7,3.4,1,65.5,326.9,5,9.6,5,1.9,16.5,7.6,64.6,0.2,1.5,1.7,2022,ACC
16,Oregon State,13,20,20.5,35.3,58,224.5,0.8,28.8,108.2,3.8,1.3,64.2,332.8,5.2,9.4,7.2,1.5,18.2,6.2,55.8,0.4,0.9,1.3,2022,Pac-12
17,Wisconsin,13,20.2,17.1,28.9,59,204.3,1.4,34.1,99.2,2.9,1.1,63,303.5,4.8,9.1,5.4,1.5,15.9,4.5,43.8,0.2,1.3,1.5,2022,Big Ten
18,Iowa State,12,20.3,15.8,26.8,59,178.3,1.7,33.6,107.3,3.2,0.7,60.4,285.6,4.7,7.5,6.6,1.6,15.7,4.8,42.2,0.7,0.6,1.3,2022,Big 12
20,Cincinnati,13,20.6,16.5,30.1,55,182.2,1.2,42.5,153.2,3.6,1.4,72.6,335.5,4.6,8.8,9,2.7,20.5,3.8,33.5,0.8,0.8,1.6,2022,Big 12
21,Florida State,13,20.6,15.2,26.8,56.4,165.4,1.4,39.5,156.4,4,1.1,66.4,321.8,4.8,8.2,9,1.8,19.1,7.4,62.7,0.6,0.6,1.2,2022,ACC
22,Clemson,14,20.9,21.4,34.9,61.3,231.7,1.5,31.6,102.7,3.3,0.9,66.4,334.4,5,10.2,6.4,1.8,18.4,6.1,59.9,0.6,0.9,1.5,2022,ACC
24,Ohio State,13,21,16.3,27.7,58.9,200.5,1.5,34.4,121.1,3.5,0.9,62.1,321.5,5.2,7.8,5.6,1.5,15,5.4,45.4,0.5,0.8,1.4,2022,Big Ten
25,Texas A&M,12,21.2,15.3,27.3,56.3,156.2,1.3,43.3,208.8,4.8,1.1,70.6,365,5.2,7.9,10.8,2.1,20.8,7,60.9,1,0.3,1.3,2022,SEC
27,Utah,14,21.4,18.1,29.5,61.3,222.6,1.4,28.1,111.4,4,1.3,57.6,334.1,5.8,8.9,5.9,1,15.8,6.9,59.9,0.9,0.9,1.7,2022,Pac-12
28,Texas,13,21.6,24.2,38.5,62.9,242.7,1.4,36.1,125.7,3.5,1.1,74.6,368.4,4.9,12.2,7.3,1.7,21.2,5.8,44.6,0.3,0.8,1.1,2022,Big 12
29,Kansas State,14,21.9,19.3,33.1,58.3,224.4,1.5,34.6,150.8,4.4,1.1,67.7,375.1,5.5,9.9,7.5,1.6,18.9,5.9,45.6,0.6,1.1,1.8,2022,Big 12
31,Duke,13,22.1,21.8,35.8,60.9,257.3,1.9,32.7,121.2,3.7,0.8,68.5,378.5,5.5,11.8,7.6,1.4,20.8,5,49.6,1.2,0.8,2,2022,ACC
34,LSU,14,22.5,16.9,30.2,55.8,206.2,1.2,36.2,148.4,4.1,1.3,66.4,354.6,5.3,9.1,8.4,1.4,18.9,5.9,56.4,0.8,0.6,1.4,2022,SEC
37,Tennessee,13,22.8,25.6,40.9,62.6,289.5,1.6,35.3,115.8,3.3,1.2,76.2,405.3,5.3,13.7,7.4,2.5,23.6,8.5,67.4,0.8,0.8,1.6,2022,SEC
38,Washington State,13,22.9,22,35.4,62.2,267.7,1.5,33.5,134.6,4,1.3,68.8,402.3,5.8,10.5,8.5,1.5,20.5,6.8,56.5,0.7,0.9,1.6,2022,Pac-12
40,Mississippi State,13,23.1,19.5,32.5,59.8,210.3,1.2,34.3,134.2,3.9,1.5,66.8,344.5,5.2,8.5,7.4,2.5,18.4,6.5,49.5,0.7,1.1,1.8,2022,SEC
41,Syracuse,13,23.1,18.9,28.4,66.7,184.8,1.4,38.7,143.8,3.7,1.3,67.1,328.6,4.9,8.8,9.3,1.2,19.3,6.5,56,0.7,0.8,1.5,2022,ACC
42,Maryland,13,23.2,20.5,35.9,57.2,223.3,1.3,35.3,133.8,3.8,1.2,71.2,357.1,5,10.2,7.5,3,20.6,5.3,46.8,0.5,0.7,1.2,2022,Big Ten
49,Virginia,10,24,19.1,31.2,61.2,204.4,1,40.7,153.2,3.8,1.2,71.9,357.6,5,10.4,8.5,2,20.9,6.8,59,0.8,0.5,1.3,2022,ACC
54,Virginia Tech,11,24.7,20.2,34,59.4,235.2,1.2,34.6,135.2,3.9,1.4,68.6,370.4,5.4,9.7,8,2.5,20.3,6.3,54.2,0.5,0.4,0.8,2022,ACC
56,Missouri,13,25.2,18.1,30.3,59.6,214.4,1.4,34.4,125.5,3.7,1.5,64.7,339.9,5.3,8.9,7.5,2.2,18.6,5.4,42.5,0.5,0.8,1.4,2022,SEC
57,Ole Miss,13,25.5,21.1,33.2,63.6,219.8,1.7,39.7,168,4.2,1.4,72.8,387.8,5.3,9.8,9.6,1.8,21.3,5.9,47.1,0.9,0.6,1.5,2022,SEC
58,Washington,13,25.8,20.2,32.2,62.9,251.5,2,34.5,121.2,3.5,1.1,66.6,372.7,5.6,11.2,8.2,1.9,21.2,6.1,48,0.4,0.5,0.9,2022,Pac-12
68,Baylor,13,26.8,18.8,30.9,60.9,222.8,1.3,38.2,148.2,3.9,1.9,69.1,371,5.4,10,9.5,1.5,20.9,5.3,41.8,0.5,1,1.5,2022,Big 12
69,Miami (FL),12,26.8,17,27.9,60.9,233.7,1.7,35.5,142.9,4,1.5,63.4,376.6,5.9,8.9,7.8,1.8,18.6,6.1,55,0.7,1.2,1.8,2022,ACC
74,Michigan State,12,27.4,19.9,30,66.4,237.9,2.2,41.7,178.6,4.3,1.2,71.7,416.5,5.8,11.7,9.5,1.5,22.7,7.4,63.3,0.8,0.2,1,2022,Big Ten
75,Oregon,13,27.4,22.8,35.9,63.6,256.4,1.8,29.8,124.8,4.2,1.3,65.8,381.2,5.8,12.4,7.2,2.2,21.8,4.9,42.4,0.4,1.2,1.6,2022,Pac-12
76,Purdue,14,27.4,17,29.6,57.3,224.9,2,33.9,142,4.2,1.4,63.6,366.9,5.8,9.6,6.8,1.9,18.3,5.9,57.5,0.4,1.1,1.5,2022,Big Ten
77,Nebraska,12,27.6,20.3,34,59.6,225.3,1.5,41.6,189.1,4.5,1.8,75.6,414.4,5.5,10.8,11.1,1.2,23,5.7,53.2,0.6,0.8,1.3,2022,Big Ten
79,California,12,27.8,25,38.1,65.6,279.5,1.9,35.5,149.1,4.2,1.6,73.6,428.6,5.8,13.5,8.9,1,23.4,6,54,0.6,0.9,1.5,2022,Pac-12
81,Northwestern,12,28.3,15.4,26,59.3,183.4,1.4,41.4,191.3,4.6,2,67.4,374.8,5.6,8.2,10.4,1.8,20.3,4.8,43.3,0.5,0.5,1,2022,Big Ten
83,Wake Forest,13,28.3,21.6,35.9,60.2,269.7,2.2,35.7,136.8,3.8,1.1,71.6,406.5,5.7,11.4,8.1,1.2,20.6,7.2,64.2,0.7,0.5,1.2,2022,ACC
84,Georgia Tech,12,28.4,17.8,30.5,58.2,212.4,1.4,41.7,188.6,4.5,1.7,72.2,401,5.6,9.6,10.7,2.6,22.8,7.1,61.3,1.1,0.9,2,2022,ACC
87,Florida,13,28.8,18.5,30.5,60.6,235.8,1.3,39,175.2,4.5,2.2,69.5,411,5.9,10.8,10.4,1.6,22.8,5.6,44.4,1.2,0.7,1.8,2022,SEC
88,South Carolina,13,28.8,16.7,31.1,53.7,206.7,1.8,40.2,198,4.9,1.8,71.2,404.7,5.7,9.4,10.7,2.4,22.5,6.5,54,0.6,1.2,1.8,2022,SEC
89,Oklahoma State,13,28.9,22,38.3,57.4,257.7,1.8,38,178,4.7,1.8,76.3,435.7,5.7,11.5,8.3,1.2,21,5.9,53.3,0.5,1,1.5,2022,Big 12
91,TCU,15,29,18.9,34.3,55.3,249.7,1.7,37.2,158.5,4.3,1.9,71.5,408.2,5.7,10.8,8.8,1.6,21.2,5.2,42.7,0.4,1.1,1.5,2022,Big 12
92,UCLA,13,29,24.5,37.4,65.4,273,1.9,34.2,130.3,3.8,1.4,71.5,403.3,5.6,12.2,8.8,1.7,22.8,5.5,47.5,0.5,0.8,1.4,2022,Pac-12
93,Texas Tech,13,29.2,19.3,32.7,59.1,256.8,1.8,39.7,168.8,4.3,1.4,72.4,425.5,5.9,10.2,8.7,1.6,20.5,6.2,57.1,0.7,0.8,1.5,2022,Big 12
94,USC,14,29.2,20.9,32.9,63.7,264.1,1.8,32.1,159.8,5,2.1,64.9,423.9,6.5,11.6,8.6,2,22.1,5.9,49.9,0.7,1.4,2.1,2022,Pac-12
95,Rutgers,12,29.3,18.7,31.8,58.8,206.8,1.3,35.8,142.8,4,1.9,67.5,349.7,5.2,9.3,8.1,2.3,19.7,5.8,46.3,0.4,0.8,1.2,2022,Big Ten
97,Auburn,12,29.5,19.8,34.3,57.8,222.7,1.3,37.3,172.7,4.6,2.3,71.6,395.3,5.5,10,9.1,1.4,20.5,7.6,58.3,0.6,0.5,1.1,2022,SEC
99,Oklahoma,13,30,23.8,38.4,61.9,273.5,1.5,41.8,187.5,4.5,2.2,80.2,461,5.7,13.3,10.7,1.8,25.8,4.9,40.6,0.3,1.3,1.6,2022,Big 12
100,Boston College,12,30.3,17.1,29,58.9,211.2,1.6,38.2,166.7,4.4,2.1,67.2,377.8,5.6,9.7,8.3,2.1,20,6.8,51.9,0.7,0.6,1.3,2022,ACC
101,Arkansas,13,30.6,21.2,34.5,61.2,294.7,1.8,37.5,170.5,4.6,2,72,465.2,6.5,12,8.6,2.1,22.7,7.2,59,0.7,0.7,1.4,2022,SEC
102,North Carolina,14,30.8,22.6,34.4,65.8,271.3,1.9,36.6,165.2,4.5,2.1,71.1,436.5,6.1,12.1,8.9,2.1,23,6.3,51.4,0.4,0.6,1,2022,ACC
107,Arizona State,12,31.4,20.5,33.8,60.6,233.4,1.2,36.3,188.1,5.2,2.6,70.1,421.5,6,11.5,10,2.5,24,5.6,54.5,0.1,0.9,1,2022,Pac-12
112,Houston,13,32.2,23.4,36.8,63.5,278.6,2.5,34.5,143.2,4.1,1.4,71.4,421.8,5.9,12.5,8.5,2.3,23.3,3.2,30.5,0.5,0.6,1.1,2022,Big 12
113,Stanford,12,32.2,16.9,29.3,57.8,209.7,1.8,36.9,224.4,6.1,2.1,66.2,434.1,6.6,8.9,11.3,1.9,22.1,6.3,60,0.4,0.5,0.9,2022,Pac-12
116,West Virginia,12,32.9,19.1,32.2,59.3,262.7,1.8,36.2,149.6,4.1,2,68.3,412.3,6,11.3,8.5,1.8,21.7,6,58.5,0.5,0.3,0.8,2022,Big 12
120,Indiana,12,33.9,21.8,34.1,64.1,274.2,2.5,42.2,174.7,4.1,1.6,76.3,448.8,5.9,12.4,8.7,1.9,23,7.4,67.2,0.6,0.6,1.2,2022,Big Ten
124,Kansas,13,35.5,21.3,32.9,64.7,260.2,1.6,43.4,209.2,4.8,2.8,76.3,469.4,6.2,11.9,11,1.9,24.8,4.8,39.5,0.8,0.9,1.7,2022,Big 12
125,Vanderbilt,12,36,21.4,33.3,64.4,290.5,2.4,33.1,170.8,5.2,2.1,66.3,461.3,7,12.1,7.5,1.8,21.3,6,54.8,0.8,0.5,1.3,2022,SEC
126,Arizona,12,36.5,23.3,33.4,69.8,258.6,2.1,37.4,209.1,5.6,2.8,70.8,467.7,6.6,11.6,11.7,2.5,25.8,5.1,49.1,1,0.3,1.3,2022,Pac-12
131,Colorado,12,44.5,20.4,30.4,67.1,264.7,2.6,40.4,245.1,6.1,3.3,70.8,509.8,7.2,12.1,12.5,1.2,25.8,6,53.5,0.4,0.5,0.9,2022,Pac-12
1,Georgia,15,10.2,19,33.8,56.2,189.7,0.7,30.9,78.9,2.6,0.2,64.7,268.5,4.2,7.9,5.4,1.5,14.8,6.6,51.3,0.3,1.1,1.4,2021,SEC
2,Clemson,13,14.8,20,35,57.1,208.8,0.8,33.7,97.5,2.9,0.5,68.7,306.3,4.5,9.8,5.8,1.6,17.2,8.7,68.4,0.5,0.9,1.4,2021,ACC
3,Texas A&M,12,15.9,19.3,33.4,57.9,192.7,1.1,36.7,135.9,3.7,0.5,70.1,328.6,4.7,9,8.2,1.8,19,5.9,46.9,0.4,0.8,1.3,2021,SEC
4,Wisconsin,13,16.2,14.8,26.8,55.5,174.3,0.7,30.5,65.4,2.1,0.8,57.2,239.7,4.2,7.5,4.2,1.4,13,4.6,40.5,0.6,1.2,1.8,2021,Big Ten
5,Cincinnati,14,16.9,15.9,29.5,54,169.2,0.9,41.6,149.1,3.6,1,71.1,318.4,4.5,8.6,8.9,1.7,19.1,6.5,48.6,1,1.4,2.4,2021,Big 12
6,Minnesota,13,17.3,15.8,28.4,55.6,181.2,1.2,28.8,97.8,3.4,0.8,57.2,279,4.9,7.8,6.4,1.4,15.5,4.6,43.8,0.6,0.6,1.2,2021,Big Ten
7,Penn State,13,17.3,20.2,33.7,59.8,199.8,0.8,40.1,153.2,3.8,0.9,73.8,353,4.8,9.3,9.5,2.2,20.9,5.5,43.8,0.5,1.1,1.6,2021,Big Ten
8,Michigan,14,17.4,18.4,32.5,56.7,204.4,1.2,34.6,126,3.6,0.8,67.1,330.4,4.9,9.1,6.9,1.1,17.1,5.2,46.4,0.6,0.6,1.1,2021,Big Ten
9,Oklahoma State,14,18.1,18.7,32.6,57.5,210.2,1.2,32.4,87.6,2.7,0.6,64.9,297.9,4.6,9,4.9,1.9,15.8,6.6,51.9,0.8,0.6,1.4,2021,Big 12
10,Baylor,14,18.3,19,31.6,60,227.5,0.9,35.2,120.5,3.4,1.1,66.9,348,5.2,10.1,7.1,2.1,19.3,5.1,44.8,0.6,1.4,1.9,2021,Big 12
13,Iowa,14,19.2,18.7,33.4,56,214.5,1.1,36.1,114.6,3.2,1.1,69.6,329.1,4.7,9.6,6.9,1.4,17.9,6.1,51.4,0.4,1.8,2.2,2021,Big Ten
14,North Carolina State,12,19.7,18.1,34.3,52.7,207.6,1.6,32.5,124.1,3.8,0.8,66.8,331.7,5,9,5.8,2.7,17.5,6.9,57.2,0.1,1.3,1.3,2021,ACC
18,Alabama,15,20.1,19.8,31.4,63.1,218.1,1.7,32.3,84.9,2.6,0.6,63.7,302.9,4.8,9.3,5.7,2.6,17.7,6.8,49.4,0.3,1,1.3,2021,SEC
19,Houston,14,20.4,16.3,29.5,55.2,194,1.3,31.4,107.5,3.4,0.9,60.9,301.5,4.9,7.9,5.7,1.9,15.5,5.4,44.1,0.6,1,1.6,2021,Big 12
21,Iowa State,13,20.5,16.4,26.8,61,187.8,1.5,34.4,122.9,3.6,0.8,61.2,310.7,5.1,8.2,7.4,1,16.6,5.2,47.8,0.3,0.8,1.2,2021,Big 12
22,Arizona State,13,20.8,17.6,29.4,59.9,194.8,1,36.2,132.8,3.7,1.4,65.5,327.7,5,9.1,7.7,2.7,19.5,5.1,46.8,0.3,1.2,1.5,2021,Pac-12
23,Kansas State,13,21,19.8,29,68.4,215.2,1.2,35.1,129.9,3.7,1.1,64.1,345.2,5.4,9.6,7.2,1.2,18,5.3,43.5,0.5,0.8,1.3,2021,Big 12
26,Kentucky,13,21.7,20.6,31,66.5,218.6,1.5,30.8,122.2,4,0.9,61.8,340.8,5.5,10.6,6.3,1.7,18.6,5.9,45.6,0.2,0.7,0.9,2021,SEC
27,Auburn,13,21.8,22.2,34.6,64.2,245.6,1.8,35.5,129.3,3.6,0.6,70.2,374.9,5.3,11.8,6.7,1.6,20.2,5.3,43.9,0.2,0.7,0.9,2021,SEC
29,Illinois,12,21.9,17.8,30.3,58.7,215.2,1,39.6,151.4,3.8,1.3,69.8,366.6,5.2,9.9,9.8,1.4,21.1,4.9,49,0.7,0.8,1.4,2021,Big Ten
31,Boston College,12,22.2,14.9,25.8,57.9,173.5,1.2,37.4,170.4,4.6,1.3,63.2,343.9,5.4,7.8,8.8,1.9,18.6,7,61,0.6,0.8,1.4,2021,ACC
33,California,12,22.3,20.2,34.3,58.9,229.5,1.7,34.3,140.6,4.1,1.1,68.6,370.1,5.4,10.3,9,1.9,21.3,5.7,48.6,0.6,1.1,1.7,2021,Pac-12
34,Purdue,13,22.4,17.1,28.8,59.4,208.7,1.4,36.5,159.4,4.4,1.4,65.3,368.1,5.6,8.5,8.3,1.6,18.4,5.9,53.8,0.3,1,1.3,2021,Big Ten
35,Utah,14,22.6,19.9,32.4,61.5,222.3,1.6,32.8,121.1,3.7,0.8,65.2,343.4,5.3,9.6,7.4,1.4,18.4,7.4,66,0.4,0.7,1.1,2021,Pac-12
36,Nebraska,12,22.7,21.8,33.7,64.6,219.1,1.2,34.9,147.4,4.2,1,68.6,366.5,5.3,10.3,7.6,1.3,19.2,5.1,46,0.3,0.8,1.1,2021,Big Ten
37,Washington,12,22.7,16.2,26.3,61.4,143.3,0.5,40.5,193.7,4.8,1.8,66.8,337,5,6.4,10.6,1.3,18.3,6.8,61.3,0.5,0.8,1.3,2021,Pac-12
38,Ohio State,13,22.8,21.8,35.5,61.6,246.2,1.6,34.5,127.8,3.7,1.3,69.9,374,5.3,11.6,7.5,2.2,21.3,4.4,38.2,0.6,0.9,1.5,2021,Big Ten
39,Arkansas,13,22.9,17.4,29.8,58.4,213.8,1.2,38.2,153.9,4,1.3,67.9,367.7,5.4,9.1,7.9,2.2,19.2,6.5,47.4,0.3,1,1.3,2021,SEC
45,West Virginia,13,23.8,18.2,28.3,64.1,211.5,1.3,34.5,139.1,4,1.2,62.8,350.6,5.6,8.7,7.5,1.2,17.4,4.4,36.2,0.3,0.7,1,2021,Big 12
46,South Carolina,13,24,15.1,25.9,58.2,180.8,1.2,37.3,175,4.7,1.4,63.2,355.8,5.6,7.9,9.5,1.1,18.5,4.6,42.6,0.7,1.2,1.8,2021,SEC
47,Washington State,13,24.2,20,33.4,59.9,216.8,1.2,34.5,161.8,4.7,1.5,67.9,378.6,5.6,9.8,9.3,1.2,20.4,5.5,41.8,1.1,1.2,2.2,2021,Pac-12
51,Ole Miss,13,24.7,20.7,33.9,61,230,1.1,42.2,190.4,4.5,1.9,76.2,420.4,5.5,11,11.1,2.8,24.9,6.4,53.5,0.8,0.8,1.6,2021,SEC
54,Michigan State,13,25.3,29.2,44.5,65.6,324.8,2.1,34.3,117.2,3.4,0.8,78.8,441.9,5.6,14.8,7.8,1.9,24.5,5.8,46.3,0.8,0.8,1.5,2021,Big Ten
55,Virginia Tech,13,25.3,17.8,30.2,59.2,224.2,1.5,36.7,169.5,4.6,1.5,66.8,393.7,5.9,9.5,9.4,1.5,20.5,6.4,56.2,0.3,0.8,1.1,2021,ACC
56,Rutgers,13,25.6,15.8,28.3,56,234.9,1.9,38.1,163.2,4.3,1.2,66.4,398.1,6,8.9,8.6,1.9,19.5,5.4,47.4,0.7,0.5,1.2,2021,Big Ten
60,Oklahoma,13,25.8,22.5,34.2,65.8,261.8,2,33.6,129.8,3.9,1.2,67.8,391.5,5.8,11.7,7.8,1.6,21.1,6.3,51.5,1,0.8,1.8,2021,Big 12
61,Oregon State,13,25.8,20.5,33.2,61.9,243.5,1.7,34.6,144.1,4.2,1.5,67.8,387.6,5.7,10.9,9.1,2.3,22.3,6.2,50.5,0.3,1.2,1.5,2021,Pac-12
62,Mississippi State,13,25.9,19.7,30.8,63.8,231.8,1.5,31.2,113.4,3.6,1.2,62.1,345.2,5.6,9.3,6.5,1.1,16.8,6.9,55.9,0.4,0.8,1.2,2021,SEC
65,Syracuse,12,26.3,18.6,28.1,66.2,204.3,1.8,36.3,127.9,3.5,1,64.3,332.2,5.2,8.5,8.2,1.8,18.4,4.7,44.6,0.3,0.3,0.6,2021,ACC
67,Florida State,12,26.5,19.3,33.1,58.2,233.2,2.1,39.5,145.8,3.7,1.3,72.6,379,5.2,10.5,7.9,2.2,20.6,8.5,70.7,0.5,1.2,1.7,2021,ACC
70,LSU,13,26.6,20.8,32.5,64.2,236.8,2.2,35.5,142.5,4,1.2,68,379.3,5.6,10.9,7.9,1,19.8,5.5,45.4,0.3,0.6,0.9,2021,SEC
72,Colorado,12,26.7,20.6,33.6,61.3,242.3,1.4,35.3,179.7,5.1,1.8,68.9,422,6.1,10.3,10.3,1.8,22.3,6.9,65.6,0.3,0.8,1.1,2021,Pac-12
73,Florida,13,26.8,17.4,30.5,57.1,203.9,1.4,36.7,163.9,4.5,1.4,67.2,367.8,5.5,9.1,8.6,2.6,20.3,5.2,43,0.3,0.7,1,2021,SEC
74,UCLA,12,26.8,23.2,37,62.6,260.3,1.3,32.8,127.9,3.9,2,69.8,388.2,5.6,11,8.3,2.3,21.5,6,44,0.6,1,1.6,2021,Pac-12
75,Oregon,14,27,21.1,34.6,61,241.3,1.6,35.9,143.2,4,1.7,70.5,384.5,5.5,11.6,8.7,2.1,22.5,8.1,61.9,0.4,1.2,1.6,2021,Pac-12
77,Louisville,13,27.3,21.7,33.2,65.3,245.6,1.5,36.2,158.1,4.4,1.8,69.4,403.7,5.8,11.4,9,2,22.4,5.5,45.2,0.4,0.8,1.2,2021,ACC
85,Miami (FL),12,28.4,22.5,36.3,61.9,250.6,1.8,35.8,139,3.9,1.3,72.1,389.6,5.4,10,8.7,1.9,20.6,7.8,72.3,0.3,0.7,0.9,2021,ACC
88,Wake Forest,14,28.9,17.8,30.4,58.6,217.8,1.7,40.2,195.8,4.9,1.8,70.6,413.6,5.9,9.8,10.6,2,22.4,7.6,67,1,1.1,2.1,2021,ACC
89,Northwestern,12,29,20.1,29.9,67.1,216.5,0.9,39.8,213.9,5.4,2.6,69.7,430.4,6.2,10.3,10,1.2,21.4,6,51.2,0.8,0.5,1.3,2021,Big Ten
90,Tennessee,13,29.1,23.1,37.7,61.2,273.2,1.8,40.1,148.5,3.7,1.8,77.8,421.7,5.4,12,9,1.6,22.5,6.8,60.3,0.2,1,1.2,2021,SEC
95,Texas Tech,13,30.2,23.1,35,65.9,267.5,2.2,34.2,137.4,4,1.4,69.2,404.8,5.9,12.2,7.5,1.5,21.2,6,50.8,0.4,0.8,1.2,2021,Big 12
98,Maryland,13,30.7,18.5,31.5,58.8,249.5,1.7,38.4,155.1,4,1.8,69.9,404.5,5.8,9.9,8.7,2.3,20.9,5.6,47.2,0.4,0.5,0.8,2021,Big Ten
99,Texas,12,31.1,21.3,31.3,67.8,224,1.3,38.8,202.4,5.2,2.2,70.1,426.4,6.1,10.6,9.8,1.4,21.8,4.4,36.8,0.5,0.6,1.1,2021,Big 12
100,Arizona,12,31.4,13.7,23.6,58,190.1,2.1,39.4,182.4,4.6,1.4,63,372.5,5.9,7.8,9.1,2.4,19.3,6.8,72.3,0.2,0.3,0.5,2021,Pac-12
103,USC,12,31.8,18,27.6,65.3,241.8,1.7,35.9,168.3,4.7,2.3,63.5,410.1,6.5,10.6,8.2,2.5,21.3,7.2,68.2,0.4,1.2,1.6,2021,Pac-12
104,Virginia,12,31.8,18.8,31.3,59.8,240.2,2.2,39,225.8,5.8,1.8,70.3,466,6.6,11.1,9.9,2.4,23.4,6.6,59.3,0.5,0.7,1.2,2021,ACC
105,North Carolina,13,32.1,18,29.6,60.8,238,2.1,38.7,180.6,4.7,1.8,68.3,418.6,6.1,10.2,10.3,2.6,23,6.2,54.8,0.3,0.8,1.2,2021,ACC
106,Stanford,12,32.4,17.7,28.4,62.2,215.6,1.3,40.5,237.6,5.9,2.8,68.9,453.2,6.6,9.3,12.7,1.3,23.2,6.6,68.4,0.3,0.5,0.8,2021,Pac-12
109,Indiana,12,33.3,20,32.1,62.3,235.7,2,35.8,148.7,4.2,1.9,67.8,384.3,5.7,11.1,8.5,1.4,21,6.6,54.8,0.3,0.4,0.8,2021,Big Ten
110,Georgia Tech,12,33.5,18.3,27.9,65.4,273,2.3,40.7,183.1,4.5,1.6,68.6,456.1,6.7,11,9.7,1.7,22.3,5.6,51.8,0.8,0.3,1.1,2021,ACC
113,Missouri,13,33.8,15.1,25.3,59.6,206.8,1.8,42.8,227.8,5.3,2.4,68.2,434.6,6.4,8.8,12,2,22.8,5,43.6,0.4,0.8,1.2,2021,SEC
118,TCU,12,34.9,16.5,25.7,64.3,239.8,1.7,37.9,222.3,5.9,2.8,63.6,462,7.3,9.8,10.5,1.8,22,4.3,39.4,0.3,0.8,1.2,2021,Big 12
119,Vanderbilt,12,35.8,21.4,32.7,65.6,264.3,2.4,34.8,193.7,5.6,1.8,67.4,457.9,6.8,11.2,9.6,1.3,22,7.6,66.9,0.3,1.1,1.3,2021,SEC
127,Duke,12,39.8,20.1,33.7,59.7,311.8,2.7,38.8,206.7,5.3,2.2,72.5,518.4,7.2,12.9,9.5,2,24.4,6.4,53.6,0.5,0.7,1.2,2021,ACC
129,Kansas,12,42.2,18.4,26.2,70.4,236.8,2.3,41.1,250.6,6.1,3.3,67.3,487.4,7.2,10.2,12.7,1.2,24,5.5,46.6,0.8,0.6,1.3,2021,Big 12
5,Northwestern,9,15.9,19.4,37.4,51.9,195.3,0.9,32.8,145.9,4.5,0.6,70.2,341.2,4.9,8.9,8.7,1.4,19,6,48.1,0.6,1.6,2.1,2020,Big Ten
6,Iowa,8,16,19.9,34.4,57.8,206.1,1.1,37.9,107.6,2.8,1,72.3,313.8,4.3,9.8,7.3,0.6,17.6,4.9,41.4,0.9,1.4,2.3,2020,Big Ten
8,Cincinnati,10,16.8,18.9,35.5,53.2,213.5,0.7,35.5,114.4,3.2,1,71,327.9,4.6,9.3,7.2,2.9,19.4,5.7,55.3,0.5,1.6,2.1,2020,Big 12
10,Wisconsin,7,17.4,15.7,31.1,50.5,203.7,1.7,28.7,96.1,3.3,0.3,59.9,299.9,5,9.4,4,1.9,15.3,4.1,37.3,0.6,1.1,1.7,2020,Big Ten
13,Alabama,13,19.4,20.9,36,58.1,239.2,1.2,33.9,113.1,3.3,1.2,69.9,352.2,5,11,6.8,2.1,19.9,5.8,45.5,0.8,0.9,1.7,2020,SEC
17,Georgia,10,20,23.6,35.9,65.7,248.7,1.5,30.2,72.3,2.4,0.8,66.1,321,4.9,11,5.7,1.8,18.5,6.2,44,0.4,0.9,1.3,2020,SEC
18,Clemson,12,20.2,15.8,28.6,55.4,214.2,1.4,36.5,112.7,3.1,0.8,65.1,326.8,5,8.8,5.4,1.8,16,6.1,52.2,0.8,1.2,1.9,2020,ACC
20,Indiana,8,20.3,20.4,34.5,59.1,241,1.6,34,137.1,4,0.9,68.5,378.1,5.5,11.4,7.6,1.1,20.1,7.5,70.8,0.4,2.1,2.5,2020,Big Ten
22,West Virginia,10,20.5,15.7,25.4,61.8,159.6,1.2,37.2,131.8,3.5,1.1,62.6,291.4,4.7,6.5,7.2,2.3,16,6,51.8,0.2,1.1,1.3,2020,Big 12
25,Iowa State,12,21.4,19.8,31.5,62.7,237.3,1.2,31.8,104.3,3.3,0.9,63.3,341.6,5.4,10.8,6.4,0.9,18.1,6.2,50.7,0.7,0.8,1.4,2020,Big 12
28,Oklahoma,11,21.7,20.5,37.1,55.4,245.5,1.1,30.4,105.3,3.5,1.6,67.5,350.8,5.2,9.8,6.1,2.9,18.8,9.2,73.9,0.3,1.5,1.7,2020,Big 12
29,Texas A&M,10,21.7,19.6,31,63.2,225.3,1.9,28.3,92,3.3,0.6,59.3,317.3,5.4,10,5.6,1.9,17.5,4.6,36.5,0.4,1,1.4,2020,SEC
32,Arizona State,4,23.3,25,39.5,63.3,252.5,1.5,41,183.3,4.5,1.8,80.5,435.8,5.4,10,12.3,1,23.3,6,54.3,2,1.3,3.3,2020,Pac-12
34,Oklahoma State,11,23.5,18.8,32.5,57.8,218.9,1.6,38.7,160.1,4.1,1.2,71.3,379,5.3,9,8.1,1.9,19,8.1,73.5,0.9,0.5,1.5,2020,Big 12
35,TCU,10,24.2,16.7,30.8,54.2,223.4,1.8,35.1,127.5,3.6,0.9,65.9,350.9,5.3,8.9,5.8,1.5,16.2,6.5,58.3,0.4,0.8,1.2,2020,Big 12
38,Auburn,11,24.7,21.4,33.1,64.6,242.6,1.8,39.1,163.4,4.2,1.5,72.2,406,5.6,11.6,9.5,1.7,22.9,4.7,41.3,0.4,0.8,1.2,2020,SEC
39,Washington,4,25,18.5,29.3,63.2,185,1.3,35.5,161.3,4.5,2,64.8,346.3,5.3,9.8,9,1.3,20,4.5,36.3,1.3,0.8,2,2020,Pac-12
44,Ohio State,8,25.8,26.1,39.5,66.1,304,2,29,97.9,3.4,1.3,68.5,401.9,5.9,13.8,5.5,1.5,20.8,5.6,51.4,1.5,0.9,2.4,2020,Big Ten
45,Kentucky,11,25.9,21.4,32.4,66,224.6,1.6,37.1,156.1,4.2,1.6,69.5,380.7,5.5,11,9,2.1,22.1,5.6,47.4,0.5,1.5,2,2020,SEC
46,USC,6,26,20.2,31.2,64.7,216.3,2.3,36.2,153.3,4.2,0.7,67.3,369.7,5.5,9.7,9.2,2.2,21,5.2,49.3,1.2,1.5,2.7,2020,Pac-12
47,Utah,5,26,22,38.2,57.6,257.2,1.6,28.2,107.8,3.8,1.4,66.4,365,5.5,11.4,5,1.8,18.2,5.8,51.6,1.2,1.4,2.6,2020,Pac-12
48,California,4,26.5,16.3,26.3,61.9,197.8,1.8,38,169.8,4.5,1.8,64.3,367.5,5.7,8.8,8.5,1.3,18.5,6.8,58,0.5,0.8,1.3,2020,Pac-12
49,Louisville,11,26.6,14.1,26.3,53.6,189.2,1.4,37.6,179.9,4.8,1.7,63.9,369.1,5.8,8.5,9.6,1.7,18.2,6.2,50.1,0.6,0.5,1.1,2020,ACC
51,Miami (FL),11,27,21.9,34.6,63.3,233.9,1.8,38.4,174.5,4.5,1.5,73,408.4,5.6,11.3,9.4,2.8,23.5,7.6,68.5,0.8,0.6,1.5,2020,ACC
55,Penn State,9,27.7,17.4,29.6,59,198.6,1.7,35.3,130.4,3.7,1.4,64.9,329,5.1,8.3,7.7,1.3,17.3,4.9,40.8,0.6,0.4,1,2020,Big Ten
57,Mississippi State,11,28.1,21.8,35.4,61.7,263.4,2.1,35.5,126.4,3.6,1,70.9,389.7,5.5,11.4,8.2,1.9,21.5,6.7,57.7,0.6,1,1.6,2020,SEC
59,Oregon,7,28.3,21.6,35.3,61.1,236.3,1.1,40.6,169.6,4.2,2.3,75.9,405.9,5.4,12,8.3,2,22.3,6.6,59,0.3,0.7,1,2020,Pac-12
60,Boston College,11,28.4,19.6,31.8,61.7,245.5,1.6,36.4,171.4,4.7,1.9,68.2,416.8,6.1,10.5,9.3,2.6,22.4,7.5,67.3,1.1,0.8,1.9,2020,ACC
61,Texas,10,28.5,24.6,39.3,62.6,266.4,1.7,38.5,140.8,3.7,1.6,77.8,407.2,5.2,13.1,7.9,2.7,23.7,7,54.7,0.8,1,1.8,2020,Big 12
62,Baylor,9,29.2,18.3,28.8,63.7,203,1.3,40.7,180.4,4.4,2.2,69.4,383.4,5.5,9.2,8.9,1.4,19.6,6.7,57.1,0.6,1.3,1.9,2020,Big 12
63,North Carolina State,12,29.2,20.6,35.1,58.7,241.1,1.7,40.2,174.6,4.3,1.5,75.3,415.7,5.5,11,9.6,3,23.6,7.9,71.8,0.3,0.8,1.1,2020,ACC
64,Nebraska,8,29.4,19,30.1,63.1,217,1.3,40.6,169.5,4.2,1.9,70.8,386.5,5.5,10.4,8.6,1.8,20.8,4.9,44.6,0.3,0.6,0.9,2020,Big Ten
65,North Carolina,12,29.4,19.2,32.9,58.2,246.7,1.4,36.2,154.3,4.3,2.1,69.1,400.9,5.8,10.2,8.8,2.6,21.4,6.8,55.9,0.3,0.7,0.9,2020,ACC
66,Virginia,10,29.6,20.3,32.3,62.8,304.4,1.9,37,138.5,3.7,1.4,69.3,442.9,6.4,12.4,6.9,1.1,20.4,7.9,66.7,0.7,1.1,1.8,2020,ACC
67,Purdue,6,29.8,21,32,65.6,254.2,1.5,41.5,147.2,3.5,2,73.5,401.3,5.5,11.2,8.3,2.3,21.8,7.3,73,0.7,0.5,1.2,2020,Big Ten
69,Minnesota,7,30.1,17.6,27.4,64.1,208.7,1.6,32.9,206.7,6.3,2.3,60.3,415.4,6.9,9.1,9.9,1.4,20.4,6.1,62.7,0.3,0.7,1,2020,Big Ten
70,Tennessee,10,30.1,21.4,31.4,68.2,265.8,1.5,38.5,141.6,3.7,1.5,69.9,407.4,5.8,12.4,8.3,1.4,22.1,5.1,46.9,0.5,0.5,1,2020,SEC
73,UCLA,7,30.7,23,37.6,61.2,274.1,1.9,37.7,135.7,3.6,2,75.3,409.9,5.4,12.3,8.6,1.1,22,7.1,58.6,0.3,1.3,1.6,2020,Pac-12
74,Florida,12,30.8,21.3,33.2,64.1,257.5,2.3,37.4,170.5,4.6,1.3,70.6,428,6.1,11.5,9.8,1.5,22.8,5.9,54,0.6,0.8,1.3,2020,SEC
77,Colorado,6,31.7,20,36,55.6,239.2,2,33.2,182,5.5,1.5,69.2,421.2,6.1,10.5,7.5,3.3,21.3,6.5,54.7,0.7,0.7,1.3,2020,Pac-12
79,Stanford,6,31.7,16.7,26,64.1,216.7,2,40.7,222,5.5,2,66.7,438.7,6.6,9.7,12,1.5,23.2,5.2,44.5,0.8,0.3,1.2,2020,Pac-12
80,Houston,8,32,17.5,29.8,58.8,231,2,39.3,167.5,4.3,1.5,69,398.5,5.8,9.9,9,1.9,20.8,5.1,45,0.4,0.4,0.8,2020,Big 12
81,Maryland,5,32,18.6,33,56.4,200,1.2,47.2,230,4.9,2.8,80.2,430,5.4,10.6,11.6,3,25.2,4.2,34.8,0.4,0.4,0.8,2020,Big Ten
82,Rutgers,9,32.1,21,31.2,67.3,245.4,2.3,44.4,206.4,4.6,1.6,75.7,451.9,6,10.9,10.2,2.6,23.7,7.3,64.3,1.2,0.9,2.1,2020,Big Ten
83,Virginia Tech,11,32.1,21.8,35.4,61.7,266,1.7,36.9,181.5,4.9,2.2,72.3,447.5,6.2,12.6,9.5,1.1,23.3,7.5,65,0.5,1.1,1.5,2020,ACC
84,Kansas State,10,32.2,23.9,35.3,67.7,267.5,2,37.5,177.2,4.7,2,72.8,444.7,6.1,12.1,8.9,1.9,22.9,5.5,55.8,0.5,0.7,1.2,2020,Big 12
85,Missouri,10,32.3,18.2,31.1,58.5,245.8,2.1,35.8,162.2,4.5,1.9,66.9,408,6.1,10.8,9.2,1.8,21.8,5.6,45.7,0.6,0.4,1,2020,SEC
90,Syracuse,11,32.7,22.2,33.9,65.4,254.8,1.7,45.8,209.2,4.6,2.2,79.7,464,5.8,11.8,11.2,2.5,25.5,6.5,55.9,1,1.2,2.2,2020,ACC
91,Wake Forest,9,32.8,21,33.1,63.4,252.3,1.9,40.6,183.3,4.5,2.2,73.7,435.7,5.9,10.1,11.1,2,23.2,6.4,59.6,0.4,1.4,1.9,2020,ACC
93,Oregon State,7,33.3,18.3,29,63.1,224.7,1.4,39.1,216.7,5.5,2.6,68.1,441.4,6.5,9.3,10.7,2,22,6.4,52.3,0.1,0.7,0.9,2020,Pac-12
95,Michigan,6,34.5,20.5,34.7,59.1,255.5,2,43,178.8,4.2,2.3,77.7,434.3,5.6,12.2,9.5,2.3,24,5.3,48,0.2,0.3,0.5,2020,Big Ten
97,Arkansas,10,34.9,25.4,38.3,66.3,259.6,1.8,41.6,192.1,4.6,2.1,79.9,451.7,5.7,13.4,10.3,1.8,25.5,6.3,53.5,0.5,1.3,1.8,2020,SEC
98,Illinois,8,34.9,18.6,26.8,69.6,237.1,2.3,44.4,230.6,5.2,2.1,71.1,467.8,6.6,10.9,12,1.6,24.5,5.1,42.9,1,0.9,1.9,2020,Big Ten
99,LSU,10,34.9,19.8,33.2,59.6,323,2.4,34.5,169.1,4.9,1.8,67.7,492.1,7.3,12,8.7,1.2,21.9,5.6,43.5,0.9,1.3,2.2,2020,SEC
100,Michigan State,7,35.1,21.6,35.3,61.1,239.4,1.1,39.9,158,4,2.9,75.1,397.4,5.3,11.9,7.6,1.9,21.3,6.3,50.4,0.9,0.7,1.6,2020,Big Ten
106,Florida State,9,36,21,31.7,66.3,257.1,1.8,38.9,199.2,5.1,2.8,70.6,456.3,6.5,10.3,11.7,3.8,23.8,7.7,67.1,0.7,0.9,1.6,2020,ACC
108,South Carolina,10,36,19.3,29,66.6,256.1,2.1,39.8,195.4,4.9,2.3,68.8,451.5,6.6,10.6,11.3,1.5,23.4,5.7,54,0.3,0.8,1.1,2020,SEC
109,Texas Tech,10,36.7,22.5,35.4,63.6,258.5,1.7,42.3,186.4,4.4,2.4,77.7,444.9,5.7,10.8,10.2,2.3,23.3,6,50.7,0.5,0.5,1,2020,Big 12
110,Georgia Tech,10,36.8,20.9,35.6,58.7,270.1,2.2,42.8,189.2,4.4,2.1,78.4,459.3,5.9,11.7,10.1,2.3,24.1,7,64.2,1.2,0.6,1.8,2020,ACC
113,Vanderbilt,9,37.3,24.6,33.4,73.4,296.4,2.7,33.6,191.4,5.7,2.1,67,487.9,7.3,13,10.2,1.1,24.3,6.6,55.7,0.8,0.2,1,2020,SEC
116,Duke,11,38.1,16.7,29.3,57.1,231.6,2,41.5,215.8,5.2,2.8,70.8,447.5,6.3,10.1,11,1.4,22.5,5.4,53.4,1,0.8,1.8,2020,ACC
118,Ole Miss,10,38.3,26.3,38.7,68,312.1,1.9,39.1,206.9,5.3,2.8,77.8,519,6.7,15,10.8,1.6,27.4,5,48.6,0.7,0.6,1.3,2020,SEC
119,Washington State,4,38.5,25.8,38,67.8,307,2.8,31,154.8,5,2.3,69,461.8,6.7,14.3,7.8,1.3,23.3,5,49.3,1,0.5,1.5,2020,Pac-12
121,Arizona,5,39.8,16,24.4,65.6,202.4,1.2,45.8,270.6,5.9,3.8,70.2,473,6.7,8.6,11,2,21.6,6.8,60.2,0.2,0.4,0.6,2020,Pac-12
128,Kansas,9,46,17.7,28.6,61.9,223,2.2,40.7,236.2,5.8,2.7,69.2,459.2,6.6,9.3,12.4,1.6,23.3,6.8,64.7,0.7,0.4,1.1,2020,Big 12
1,Georgia,14,12.6,20.4,35.8,56.9,201.1,1.1,28.4,74.9,2.6,0.1,64.2,276,4.3,9.1,4.9,1.9,15.8,6.7,50.9,0.6,0.6,1.1,2019,SEC
3,Clemson,15,13.5,15.4,28.9,53.3,172.3,0.9,35.6,116.3,3.3,0.6,64.5,288.5,4.5,7.2,6.1,1.3,14.6,5.8,54.9,0.7,1.3,2,2019,ACC
4,Ohio State,14,13.7,14.3,28.1,50.9,156,0.6,34.6,104,3,1,62.7,260,4.1,6.4,7.1,2.1,15.5,5.4,47.5,0.7,1.1,1.8,2019,Big Ten
5,Iowa,13,14,19.1,32.1,59.5,195.7,1.1,32.1,112.8,3.5,0.5,64.2,308.5,4.8,9.4,6.4,0.9,16.6,5.5,46.1,0.7,0.9,1.6,2019,Big Ten
6,Utah,14,15,17.6,31.1,56.7,187.4,1.1,26.9,81.9,3.1,0.6,58,269.4,4.6,8.3,5.1,1.5,14.9,5.4,47.2,0.6,1,1.6,2019,Pac-12
7,Florida,13,15.5,18.1,30,60.3,202.1,1.1,32.1,104.6,3.3,0.7,62.1,306.7,4.9,9.3,5.8,1.2,16.4,7.5,60.8,0.5,1.2,1.8,2019,SEC
8,Penn State,13,16,21,34.7,60.5,251.5,0.8,37,95.3,2.6,1,71.7,346.8,4.8,10.8,6.7,1.5,18.9,5.9,43.3,0.9,0.8,1.7,2019,Big Ten
9,Oregon,14,16.5,21.2,36.1,58.7,220.1,1.3,33.3,110.3,3.3,0.4,69.4,330.4,4.8,9.9,6.7,2.4,19.1,8.3,67.6,0.5,1.4,1.9,2019,Pac-12
10,Wisconsin,14,16.9,15.3,29.6,51.6,187.4,1.3,30.1,101.3,3.4,0.8,59.8,288.6,4.8,8.6,5.6,1.9,16.2,3.7,27.3,0.7,0.9,1.6,2019,Big Ten
13,Alabama,13,18.6,17.7,31.5,56.1,187.2,1.2,35.8,137.4,3.8,0.7,67.3,324.6,4.8,9.3,7.3,2.3,19,5.8,48.3,0.8,1.3,2.2,2019,SEC
14,Kentucky,13,19.3,15.5,27.2,57.2,167.8,0.7,33.7,156.5,4.6,1.6,60.8,324.4,5.3,8,7.5,1.7,17.2,5.7,49.9,0.8,0.6,1.5,2019,SEC
15,Missouri,12,19.4,14.6,29,50.3,179.3,1.3,35.1,134.8,3.8,1,64.1,314,4.9,7.6,6.3,2.3,16.3,5.8,52.3,0.6,0.7,1.3,2019,SEC
16,Washington,13,19.4,22.2,35,63.3,222.2,1,32.8,129,3.9,1.2,67.8,351.2,5.2,10,8.2,1.8,19.9,5.3,44.2,0.7,1,1.7,2019,Pac-12
17,Auburn,13,19.5,20.3,34.8,58.3,213.8,1.6,34.8,123.2,3.5,0.8,69.6,337,4.8,9.2,7.4,2.5,19.2,7.1,58.5,1,0.8,1.8,2019,SEC
20,Baylor,14,19.8,20.9,34.6,60.2,217.6,1.1,39.1,142.9,3.7,1.1,73.7,360.4,4.9,10.6,8.4,1.4,20.2,6.1,61.6,0.9,1.2,2.1,2019,Big 12
23,Miami (FL),13,20.2,15.9,29.1,54.8,194.6,1.2,36.1,114.8,3.2,1,65.2,309.4,4.7,8.1,6.5,2.4,16.9,7.5,66.6,0.8,0.8,1.5,2019,ACC
24,Cincinnati,14,20.6,16.6,32.3,51.5,222.8,1.2,38.2,138.6,3.6,1.1,70.5,361.4,5.1,9.1,8.1,2.7,19.9,6.6,54.1,0.7,1.1,1.9,2019,Big 12
25,Michigan,13,20.7,15.2,26.5,57.4,185.5,1.2,38.2,122.7,3.2,1.5,64.7,308.2,4.8,7.9,7.3,2.2,17.4,7.4,65.4,0.8,0.7,1.5,2019,Big Ten
27,Kansas State,13,21.4,15.9,26.9,59.1,202.9,0.9,32.7,165.7,5.1,1.5,59.6,368.6,6.2,8.4,7.4,1.5,17.2,6.3,58.8,0.3,0.8,1.2,2019,Big 12
29,Tennessee,13,21.7,16.6,28.8,57.6,194,1.1,37.9,140.5,3.7,1.3,66.8,334.5,5,8.8,9,1.9,19.8,6.4,56.7,0.3,1.2,1.5,2019,SEC
32,California,13,21.9,23.8,37.2,64,264.2,1.2,35.4,126.5,3.6,1.2,72.5,390.6,5.4,11.5,8.3,1.2,21,7.2,68.2,0.6,0.6,1.2,2019,Pac-12
33,LSU,15,21.9,17.6,34.7,50.8,222.7,1.3,32.3,121.5,3.8,1.2,67,344.3,5.1,10.5,5.8,2.5,18.9,6.6,50.7,0.3,1.1,1.5,2019,SEC
35,Arizona State,13,22.4,22.8,35.8,63.7,268.2,1.8,35.5,125.5,3.5,1.2,71.2,393.8,5.5,11.9,7.2,1.8,21,6.2,52.2,1.2,1,2.2,2019,Pac-12
36,Michigan State,13,22.5,18.5,31,59.8,207.8,1.8,33.5,114.6,3.4,0.8,64.5,322.5,5,9.1,6.5,1.9,17.3,6.8,64.3,0.8,0.9,1.7,2019,Big Ten
37,Minnesota,13,22.5,15.4,27.5,56,184.2,1.1,33.1,122.4,3.7,1.4,60.5,306.6,5.1,9.2,7.1,1.4,17.6,5.2,42.6,0.4,1.1,1.5,2019,Big Ten
39,Texas A&M,13,22.5,17.8,32.5,54.8,209.5,1.5,31.9,130.9,4.1,1,64.5,340.5,5.3,9.8,7.8,1.7,19.2,6.2,48.7,0.3,0.8,1.1,2019,SEC
43,Northwestern,12,23.6,18.3,30,61.1,198.8,1.4,36,137.4,3.8,1.2,66,336.2,5.1,9,6.8,1.8,17.6,6.1,56.8,0.6,0.6,1.2,2019,Big Ten
44,North Carolina,13,23.7,19.5,32.4,60.1,229.6,1.4,36.2,143.8,4,1.5,68.5,373.5,5.4,10.3,7.2,2,19.5,5.6,42.7,0.5,1.1,1.5,2019,ACC
45,Indiana,13,24.4,16.8,30.3,55.6,213.7,1.5,35.2,138.8,3.9,1.3,65.5,352.5,5.4,9,7.5,2.8,19.1,5.3,45.5,0.8,0.5,1.3,2019,Big Ten
46,Virginia Tech,13,24.7,18.3,33.8,54.1,224,1.6,34.8,139.7,4,1.4,68.6,363.7,5.3,9,7.1,1.9,18,7.2,56.9,0.4,1.1,1.5,2019,ACC
49,Iowa State,13,25.9,21.5,33.9,63.3,229.8,1.7,35,139.5,4,1,68.9,369.3,5.4,9.9,8.2,0.8,18.9,5.4,47.8,0.5,0.5,1,2019,Big 12
53,South Carolina,12,26.1,19.9,33.7,59.2,235.3,1.9,37.4,158.1,4.2,0.8,71.1,393.3,5.5,10.6,8.2,1.8,20.5,6,47.7,0.4,1,1.4,2019,SEC
54,Illinois,13,26.2,15.9,27.3,58.3,212.9,1.6,45.4,196.5,4.3,1.5,72.7,409.5,5.6,9.5,10.1,1.7,21.3,4.4,36.8,1.2,0.9,2.2,2019,Big Ten
58,TCU,12,26.4,16.6,30,55.3,199.7,1.8,33.8,138.8,4.1,1.3,63.8,338.4,5.3,7.7,6.8,1.8,16.3,5.5,47.5,0.3,1.3,1.7,2019,Big 12
60,Ole Miss,12,26.5,24,36.2,66.4,278.3,1.7,35,139.1,4,1.3,71.2,417.3,5.9,12.3,8.7,1.4,22.3,5.5,46.8,0.5,0.8,1.3,2019,SEC
61,Oklahoma State,13,26.8,20.8,34.3,60.5,253.8,1.8,36.6,158.9,4.3,1.4,70.9,412.8,5.8,10.4,9,1.5,20.8,7.4,68,0.5,0.9,1.5,2019,Big 12
62,Virginia,14,27.1,16.5,29.2,56.5,233.7,1.6,35.5,138.1,3.9,1.6,64.7,371.9,5.7,8.9,8.4,1.7,19,5.9,48.6,0.4,0.9,1.3,2019,ACC
64,Oklahoma,14,27.3,18.4,30.5,60.2,222.4,1.9,32.7,134.8,4.1,1.4,63.2,357.1,5.6,9.9,7.1,2.9,19.8,5.7,44.4,0.3,0.5,0.8,2019,Big 12
65,Texas,13,27.5,23.5,37,63.4,292.5,2.2,33.6,138.9,4.1,0.9,70.6,431.5,6.1,12.6,7.7,2.2,22.5,4.9,42.6,0.5,0.9,1.5,2019,Big 12
66,Florida State,13,27.8,23.7,38.8,61.1,276.7,1.5,41.2,147.5,3.6,1.4,79.9,424.2,5.3,12.5,8.1,3.2,23.8,6.7,56.7,0.8,0.6,1.4,2019,ACC
67,Nebraska,12,27.8,17.9,30.3,59.2,200.8,1.2,38.8,188.7,4.9,2.1,69,389.4,5.6,9.2,9.6,1.1,19.9,5.5,49.5,0.8,0.9,1.8,2019,Big Ten
73,Mississippi State,13,28.8,17.2,28.2,61,246.8,1.7,34.9,152.5,4.4,1.9,63.2,399.3,6.3,10.5,8.3,1.5,20.3,4.9,42.9,1.1,0.8,1.8,2019,SEC
74,West Virginia,12,28.8,19.4,30.9,62.8,239.9,1.7,41.7,160.1,3.8,1.7,72.6,400,5.5,10.8,10.2,1.6,22.6,6.4,59.8,0.5,0.7,1.2,2019,Big 12
76,Wake Forest,13,29.1,20.8,33.4,62.2,252.8,2,38.6,163.7,4.2,1.2,72,416.5,5.8,11.4,8.3,1.1,20.8,6.5,56.7,0.9,1.1,2,2019,ACC
77,Duke,12,29.2,15.4,29.4,52.4,199,1.8,41.5,180.8,4.4,1.6,70.9,379.8,5.4,8.5,9.2,1.8,19.3,5.7,53.3,0.7,0.8,1.4,2019,ACC
78,USC,13,29.4,21.6,35.4,61.1,246.2,1.8,36.2,162.4,4.5,1.5,71.5,408.5,5.7,10.8,9.5,2.5,22.8,7.8,65,0.5,0.7,1.2,2019,Pac-12
80,Stanford,12,29.8,22.5,34.4,65.4,279.5,2.3,33.8,150.8,4.5,1.4,68.3,430.3,6.3,12.7,8.6,1.6,22.8,6.2,58.3,0.3,0.7,1,2019,Pac-12
83,North Carolina State,12,30.1,22.1,34.3,64.3,255.5,2,37,144.8,3.9,1.8,71.3,400.3,5.6,11.8,7.3,2.3,21.4,8.3,62.3,0.3,0.3,0.7,2019,ACC
84,Texas Tech,12,30.3,20.6,33.6,61.3,307.8,1.8,39.1,173,4.4,2,72.7,480.8,6.6,12.3,8.2,1.7,22.1,6.8,64.8,0.4,1.2,1.6,2019,Big 12
87,Purdue,12,30.6,19.7,31.8,61.8,243.8,1.7,40.6,192.5,4.7,2.1,72.4,436.3,6,10.7,9.9,1.2,21.8,7.1,60.7,0.5,0.8,1.3,2019,Big Ten
89,Syracuse,12,30.7,18.9,35.4,53.4,262.5,1.8,41.1,201.6,4.9,2.2,76.5,464.1,6.1,11.4,9.9,2.3,23.6,6,52.1,1,1.1,2.1,2019,ACC
94,Washington State,13,31.4,19.2,30.6,62.8,267,1.8,37.5,185.5,4.9,2.1,68.2,452.5,6.6,10.6,10.2,2.1,22.8,6.1,52.1,0.7,0.8,1.5,2019,Pac-12
95,Colorado,12,31.8,22.3,33.8,65.8,288.3,2.3,34,154.1,4.5,1.8,67.8,442.4,6.5,12.5,8.1,1.2,21.8,6.1,60.8,0.5,0.9,1.4,2019,Pac-12
97,Vanderbilt,12,31.8,16.7,27.1,61.5,227.8,1.9,39.2,209.2,5.3,2.1,66.3,437,6.6,9.2,10.8,2,22,7.5,67.8,0.4,0.5,0.9,2019,SEC
101,Boston College,13,32.2,22.8,35.1,65.1,285.5,2.2,40.5,193.2,4.8,1.5,75.6,478.7,6.3,12.8,9.8,1,23.5,5.8,41.4,0.5,0.8,1.3,2019,ACC
104,Georgia Tech,12,32.4,16.7,27.6,60.4,207.7,1.5,44.8,215.6,4.8,2.3,72.4,423.3,5.8,8.8,11.9,1.8,22.6,5,43.7,0.8,0.6,1.3,2019,ACC
106,Oregon State,12,32.5,21.8,34.6,63.1,276.2,2.3,39.1,169.5,4.3,1.8,73.7,445.7,6,12.4,9.5,2.3,24.3,5.1,45.1,0.7,0.7,1.3,2019,Pac-12
109,Louisville,13,33.4,18.7,31.2,59.9,234.2,2.4,38.3,205.9,5.4,2.1,69.5,440.1,6.3,10.5,9.8,1.7,22,5.2,40.5,0.8,0.5,1.4,2019,ACC
113,Houston,12,34,20.9,34.2,61.2,288.4,2.4,34.5,179.1,5.2,2,68.7,467.5,6.8,11.4,8.9,1.5,21.6,7.6,68.8,0.5,0.7,1.2,2019,Big 12
115,Maryland,12,34.7,22,33.8,65.2,271.3,1.9,41.5,178.4,4.3,2.3,75.3,449.7,6,11.9,9.7,1.4,23,5.9,53.3,0.5,0.8,1.3,2019,Big Ten
117,UCLA,12,34.8,22.4,33.8,66.4,310.8,2.7,34.3,145.5,4.2,1.8,68,456.3,6.7,13,7.3,1.6,21.9,6.5,52.8,0.8,0.4,1.2,2019,Pac-12
118,Arizona,12,35.8,23.5,35.8,65.6,289.8,2.2,38.2,181.8,4.8,2.3,74,471.6,6.4,12.1,10.3,2.2,24.6,6.9,64.9,0.3,0.9,1.3,2019,Pac-12
120,Kansas,12,36.1,20,31.3,63.8,249.5,1.8,45.9,225.7,4.9,2.7,77.3,475.2,6.2,11.5,12.7,1.7,25.8,6.7,62.2,0.2,0.5,0.7,2019,Big 12
123,Rutgers,12,36.7,17.4,28.6,60.9,232.5,2.1,40.8,202.2,5,2.4,69.3,434.7,6.3,10.5,9.8,2.5,22.8,5.5,48.4,0.3,0.5,0.8,2019,Big Ten
124,Arkansas,12,36.8,18.9,28.4,66.6,229.2,2.1,40.2,222,5.5,2.4,68.6,451.2,6.6,10.9,10.2,1.7,22.8,5.8,54.4,0.8,0.5,1.3,2019,SEC
1,Clemson,15,13.1,15.9,29.8,53.2,189.6,0.9,38.4,101.9,2.7,0.5,68.2,291.5,4.3,7.7,6.4,1.5,15.6,6.5,51.9,0.8,0.8,1.6,2018,ACC
2,Mississippi State,13,13.2,16.9,30.6,55.3,168,0.6,33.1,95.8,2.9,0.5,63.7,263.8,4.1,7.5,6.9,1.8,16.3,4.8,36.5,0.5,1,1.5,2018,SEC
5,Washington,14,16.4,21.1,32.6,64.6,190.1,0.9,32.9,116.1,3.5,0.9,65.6,306.2,4.7,9.6,6.3,1,16.9,5.3,43.7,0.6,0.8,1.4,2018,Pac-12
6,Kentucky,13,16.8,16.6,28.9,57.4,186.3,1.1,35.4,146.8,4.2,0.9,64.3,333.2,5.2,7.8,7.9,1.6,17.4,7.8,66.4,0.8,0.7,1.5,2018,SEC
8,Cincinnati,13,17.2,15.2,31.1,48.8,190.5,1.5,33.5,111.2,3.3,0.7,64.6,301.7,4.7,7.8,4.9,2.6,15.4,6.2,54.7,0.6,0.9,1.5,2018,Big 12
9,Michigan State,13,17.2,21.5,36.7,58.7,225.2,1.1,30.2,77.9,2.6,0.6,66.8,303.2,4.5,10.7,4.2,1.5,16.4,5.2,48.8,0.7,1.1,1.8,2018,Big Ten
11,Iowa,13,17.8,17.7,30.9,57.2,184.1,1.5,33.5,110.7,3.3,0.7,64.4,294.8,4.6,7.5,7.8,1.2,16.5,5.9,56,0.5,1.5,2.1,2018,Big Ten
12,Alabama,15,18.1,16.3,31,52.5,198.3,1.5,34.3,122,3.6,0.7,65.3,320.3,4.9,8.7,6.2,1.9,16.9,6.1,51.7,0.5,0.9,1.4,2018,SEC
14,Auburn,13,19.2,18,32.5,55.5,219.5,1.2,36.3,136.4,3.8,0.7,68.8,355.8,5.2,9.4,7.3,2.4,19,6.9,55.3,0.5,1.1,1.6,2018,SEC
15,Georgia,14,19.2,18.4,30.2,61,180.3,0.9,33.4,134,4,1.3,63.6,314.3,4.9,8.6,7.1,1.4,17.1,4.8,37.5,0.6,0.6,1.2,2018,SEC
16,Michigan,13,19.4,12.5,25.4,49.4,141.8,1,34.6,133.5,3.9,1.2,60,275.2,4.6,6.2,6.9,2.7,15.8,5.8,56,0.5,0.8,1.3,2018,Big Ten
17,Utah,14,19.4,19.4,33.4,58.1,215.3,1.3,34.5,101.4,2.9,1,67.9,316.6,4.7,9.2,5.9,2,17.1,4.6,44,0.4,1.1,1.5,2018,Pac-12
18,Miami (FL),13,19.5,13,24.4,53.3,135.6,0.8,40.2,143.1,3.6,1.2,64.5,278.7,4.3,6.2,8.2,1.4,15.8,4.8,47,0.7,1.2,1.9,2018,ACC
20,Florida,13,20,15.8,29.2,54.2,178.9,1.2,37.6,159.8,4.2,1,66.8,338.7,5.1,7.6,8.1,2.1,17.8,6.7,52.4,0.8,1.1,1.9,2018,SEC
21,Virginia,13,20.1,15.1,28.7,52.5,183,0.9,34,147.5,4.3,1.2,62.7,330.5,5.3,8.4,7.1,0.9,16.3,5.5,52.1,0.3,1.3,1.6,2018,ACC
22,California,13,20.4,17.2,29.8,57.6,174.8,1,39.3,142.3,3.6,1,69.1,317.2,4.6,7.9,8.2,1.4,17.5,6.2,54.6,0.5,1.6,2.2,2018,Pac-12
23,Penn State,13,20.5,17.2,32,53.6,181.5,1.1,42.2,169,4,1.2,74.2,350.5,4.7,8.8,9.4,1.8,20,7.4,66.8,0.5,1,1.5,2018,Big Ten
26,LSU,13,21.8,17.2,34.5,49.7,200.1,1.4,35.8,138.6,3.9,1.2,70.4,338.7,4.8,8.9,8.2,2.4,19.5,7.8,69.7,0.6,1.3,1.9,2018,SEC
35,Wisconsin,13,22.6,16.1,27.8,57.9,189.1,1.1,34.9,155.1,4.4,1.3,62.7,344.2,5.5,8.3,7.5,1.8,17.7,3.4,32.4,0.8,1.1,1.9,2018,Big Ten
37,Iowa State,13,22.9,21.2,33.8,62.7,234.2,1.8,35.2,115,3.3,0.8,69.1,349.2,5.1,10.6,7.5,0.8,18.9,6.2,60.5,0.6,0.6,1.2,2018,Big 12
38,Stanford,13,22.9,21.8,35.8,60.7,264,1.1,36.6,146.1,4,1.3,72.5,410.1,5.7,11.8,7.9,1.2,20.9,6.3,61.2,0.5,0.8,1.3,2018,Pac-12
40,TCU,13,23.1,17.4,31.3,55.5,199.6,1.3,38.4,138.6,3.6,1.5,69.7,338.2,4.9,8.9,8.5,1.2,18.6,5.6,44.2,0.7,0.9,1.6,2018,Big 12
41,Northwestern,14,23.2,23.1,36,64.1,261.2,1.5,34.1,129.6,3.8,1,70.1,390.9,5.6,11.5,7.4,0.9,19.8,7.1,67.6,0.9,0.9,1.8,2018,Big Ten
42,Washington State,13,23.3,17.8,30.1,59.1,216.9,1.3,34.3,142,4.1,1.6,64.4,358.9,5.6,9,7.8,2.7,19.5,7.2,60.4,0.8,0.9,1.8,2018,Pac-12
45,North Carolina State,13,24.9,20.5,34.9,58.8,261.1,1.4,31.2,131.5,4.2,1.4,66.1,392.6,5.9,10.3,6.8,1.4,18.5,6.8,53.7,0.7,0.8,1.5,2018,ACC
47,Texas A&M,13,25.3,18.8,30.9,60.7,253.2,2,29.5,95.2,3.2,1.1,60.4,348.4,5.8,9.5,5.8,1.6,17,6.7,56.7,0.3,0.5,0.8,2018,SEC
48,Kansas State,12,25.4,21.3,35.3,60.1,245.8,1.7,32.3,158,4.9,1.2,67.7,403.8,6,11.6,8.3,1.3,21,5.8,50.8,0.7,0.9,1.6,2018,Big 12
49,Oregon,13,25.4,19.8,34.8,56.9,241.6,1.8,38.5,146.7,3.8,1,73.3,388.3,5.3,11.4,7.8,1.8,21,5.6,42.8,0.5,1.3,1.8,2018,Pac-12
50,Arizona State,13,25.5,18.9,31.4,60.3,233.8,1.5,39.2,171.5,4.4,1.3,70.6,405.4,5.7,10.5,9.9,2,22.5,5.8,53.2,0.7,0.9,1.6,2018,Pac-12
52,Missouri,13,25.5,19.1,34.2,55.7,262,1.8,34.2,126.5,3.7,0.8,68.4,388.5,5.7,10.5,6.5,1.8,18.8,6.7,58.4,0.5,0.8,1.2,2018,SEC
53,Ohio State,14,25.5,19.4,34.9,55.6,245.2,1.3,34.9,158.8,4.6,1.8,69.8,404,5.8,10.3,7.4,2.6,20.3,5.8,55.8,0.9,0.8,1.6,2018,Big Ten
55,Boston College,12,25.7,20.8,36.8,56.6,247.8,1.4,40.8,154.4,3.8,1.6,77.6,402.3,5.2,11.3,8.5,1.6,21.4,5.3,41.7,0.7,1.5,2.2,2018,ACC
58,Texas,14,25.9,21.5,35.4,60.8,262.3,1.9,34.7,131.4,3.8,1.3,70.1,393.6,5.6,11.3,7.4,1.9,20.6,6.4,67.6,0.6,0.9,1.4,2018,Big 12
59,Minnesota,13,26.5,20.4,31.5,64.8,212.4,1.6,33.5,173.4,5.2,1.5,65,385.8,5.9,9.2,7.8,1.2,18.2,5.5,52.2,0.8,0.8,1.6,2018,Big Ten
61,Vanderbilt,13,26.6,19.8,32.2,61.5,244.2,1.7,39.2,194.7,5,1.5,71.4,438.9,6.1,10.5,11.5,1.3,23.4,6.6,56.3,0.7,1,1.7,2018,SEC
64,Syracuse,13,27,19.6,35.6,55.1,264.1,1.5,37.5,162.5,4.3,1.5,73.2,426.5,5.8,10.2,8,1.7,19.9,7.6,61.5,1,1.4,2.4,2018,ACC
65,USC,12,27,19.9,33.9,58.7,223.3,1.7,38.3,164.8,4.3,1.7,72.2,388.1,5.4,10.7,7.8,2,20.5,5.8,56.9,0.5,0.3,0.8,2018,Pac-12
68,South Carolina,13,27.2,20.2,32.5,62.1,229,0.9,43.5,199.5,4.6,2.2,75.9,428.5,5.6,11.6,11.8,2.1,25.5,6.5,58.9,0.7,0.5,1.2,2018,SEC
69,West Virginia,12,27.2,20.6,32.4,63.5,258.7,1.8,37.1,148.2,4,1.3,69.5,406.8,5.9,10.9,9.6,1.6,22.1,6.8,60.1,0.8,1.3,2,2018,Big 12
71,Colorado,12,27.3,19,33.6,56.6,233.8,1.9,39,146.5,3.8,1,72.6,380.3,5.2,9.7,8.3,2.3,20.3,7.2,64.6,0.6,0.7,1.3,2018,Pac-12
72,Duke,13,27.4,17.6,32.1,54.9,199.5,1.3,42,209.3,5,2.1,74.1,408.8,5.5,9.5,10.3,1.1,20.9,5.4,52.8,0.7,0.3,1,2018,ACC
77,Tennessee,12,27.9,18.4,29.2,63.1,222.9,1.8,37.3,155.2,4.2,1.7,66.4,378.1,5.7,10.3,8.6,1.3,20.3,5.7,42.9,0.5,0.8,1.3,2018,SEC
78,Maryland,12,28.7,15.3,28.3,54.3,206.5,1.6,42,183.9,4.4,1.7,70.3,390.4,5.6,8.6,10.2,2.8,21.5,4.8,42.3,0.4,1.5,1.9,2018,Big Ten
79,Georgia Tech,13,29.3,18.1,27.9,64.7,211.3,1.8,34,158.3,4.7,1.7,61.9,369.6,6,9.6,9.6,0.9,20.2,4.3,35.3,0.9,0.9,1.8,2018,ACC
81,Indiana,12,29.9,18.8,30.8,61,240.6,2.3,39.9,183.2,4.6,1.4,70.7,423.8,6,10.8,9.6,2.3,22.7,6.7,66.6,1.1,1.1,2.2,2018,Big Ten
82,Kansas,12,30,19.5,30.1,64.8,246.8,1.9,38.6,172.4,4.5,1.8,68.7,419.2,6.1,10.7,9.8,1.4,21.9,6,55.3,0.9,1.3,2.3,2018,Big 12
83,Purdue,13,30,23.2,37.2,62.3,284.7,1.7,38.4,167.9,4.4,1.9,75.5,452.6,6,12.5,9.1,2,23.6,7.4,70.7,0.2,0.8,1.1,2018,Big Ten
85,Virginia Tech,13,31,17.9,30.1,59.6,228.4,1.4,38.5,210.3,5.5,2.5,68.6,438.7,6.4,9.2,9.4,1.7,20.3,6.5,45.2,0.9,0.5,1.5,2018,ACC
86,Texas Tech,12,31.1,20.5,36.2,56.7,288.3,2.3,39.3,160.6,4.1,1.3,75.4,448.9,6,11.8,8.9,2.3,23.1,7.3,61.8,0.5,1,1.5,2018,Big 12
88,Nebraska,12,31.3,19.8,35.3,56.1,237.8,1.3,39.1,195.8,5,2.4,74.4,433.6,5.8,10.8,9.5,2.4,22.7,6.5,56.8,0.8,0.9,1.7,2018,Big Ten
89,Rutgers,12,31.4,16.4,29.5,55.6,187.1,1.8,40.8,214.4,5.3,2.1,70.3,401.5,5.7,9.3,9.6,2.3,21.2,6.5,63,0.5,0.8,1.3,2018,Big Ten
90,Florida State,12,31.5,20.6,37.8,54.5,267.7,2.5,41.8,149.6,3.6,1.3,79.5,417.3,5.2,11.3,8.5,2.1,21.9,5.8,50.6,0.3,1,1.3,2018,ACC
91,Baylor,13,31.7,19,31.5,60.2,241.3,1.9,33.7,183.6,5.4,1.9,65.2,424.9,6.5,9.8,8.9,1.8,20.5,6.2,56.2,0.2,0.5,0.8,2018,Big 12
97,Oklahoma State,13,32.5,21.5,34.8,61.7,267.1,2.1,40.2,185.4,4.6,2,74.9,452.5,6,12,8.3,2.8,23.2,6.2,52.1,0.6,0.4,1,2018,Big 12
98,Arizona,12,32.6,23.4,36.7,63.9,269.5,2.3,38.7,162.5,4.2,2,75.3,432,5.7,12.2,8.5,3,23.7,8.7,82.3,0.7,0.6,1.3,2018,Pac-12
101,Oklahoma,14,33.3,22.5,34.9,64.5,294,2,39.1,159.8,4.1,2.4,74,453.8,6.1,12.9,9.6,1.9,24.4,6.3,58.2,0.4,0.4,0.8,2018,Big 12
102,Wake Forest,13,33.3,23.7,37.7,62.9,265.3,2,40.3,192.2,4.8,2.4,78,457.5,5.9,11.4,9.2,1.6,22.2,5.8,49.8,0.8,0.5,1.2,2018,ACC
104,UCLA,12,34.1,18.8,30.9,60.9,245.5,1.6,42.9,200.1,4.7,2.6,73.8,445.6,6,11.3,10.1,2.1,23.4,5.4,47.5,0.6,0.9,1.5,2018,Pac-12
106,North Carolina,11,34.5,17.8,31.5,56.6,228.8,1.5,43.4,218.8,5,2.5,74.8,447.6,6,10,10.7,1.9,22.6,5,40.6,0.9,0.6,1.5,2018,ACC
108,Arkansas,12,34.8,18.3,28.9,63.4,245.3,1.8,40,167.8,4.2,2.1,68.9,413.2,6,9.9,9.7,2,21.6,6.2,52.7,0.9,0.4,1.3,2018,SEC
114,Ole Miss,12,36.2,20.8,32.9,63.3,261.7,2.2,43.3,220.8,5.1,2.1,76.3,482.5,6.3,10.8,12,2.4,25.3,6.2,55.9,0.7,0.6,1.3,2018,SEC
119,Houston,13,37.2,21.5,36.2,59.4,275.5,1.5,47.2,221.3,4.7,3.2,83.4,496.8,6,12.4,11.7,1.7,25.8,7.2,63.5,0.7,1.1,1.8,2018,Big 12
124,Illinois,12,39.4,19.7,31,63.4,263.1,2.5,41.1,245.3,6,2.6,72.1,508.4,7.1,10.9,12.3,1.9,25.1,6,58.8,0.4,1.3,1.7,2018,Big Ten
128,Louisville,12,44.1,15.6,24.2,64.5,206.3,2.1,46,278.8,6.1,3.3,70.2,485,6.9,9.1,12.7,1.5,23.3,5.5,51.8,0.6,0.5,1.1,2018,ACC
129,Oregon State,12,45.7,19.6,30.8,63.7,254.9,2.8,41.5,282,6.8,3.1,72.3,536.9,7.4,11.1,13,1.5,25.6,5.2,47.3,0.4,0.3,0.7,2018,Pac-12
1,Alabama,14,11.9,16.4,30.4,53.8,165.7,0.6,34.7,95.7,2.8,0.6,65.1,261.4,4,8.1,5.4,1.8,15.4,4.4,32.5,0.4,1.4,1.7,2017,SEC
2,Clemson,14,13.6,14.9,28.3,52.5,161.9,1.1,36.6,114.9,3.1,0.4,64.9,276.7,4.3,6.4,7.1,1.4,14.8,5.3,45.3,0.4,1,1.4,2017,ACC
3,Wisconsin,14,13.9,13.7,28.2,48.6,163.6,0.8,31.1,98.4,3.2,0.5,59.4,262.1,4.4,6.9,5.6,1.4,14,5.4,47.1,0.6,1.4,2.1,2017,Big Ten
4,Virginia Tech,13,14.8,13.4,27.5,48.6,199.8,1.2,35.4,119.9,3.4,0.5,62.9,319.7,5.1,7.8,6.4,1.2,15.4,6.3,48.2,0.5,1,1.5,2017,ACC
5,Washington,13,16.1,20.9,32.1,65.2,197.2,0.8,35.2,101.7,2.9,0.8,67.3,298.8,4.4,8.8,7.2,0.8,16.8,4.2,39.5,0.7,1.2,1.8,2017,Pac-12
6,Georgia,15,16.4,16.3,29.1,55.8,168.9,1.3,33.7,126,3.7,0.5,62.9,294.9,4.7,6.9,7.2,1.5,15.6,5.2,39.7,0.5,0.8,1.3,2017,SEC
7,Penn State,13,16.5,20.2,34.5,58.4,211.5,0.9,34.6,119.4,3.4,1.1,69.2,330.8,4.8,9.4,6.7,1.3,17.4,6.2,57.8,1.2,0.8,1.9,2017,Big Ten
11,Auburn,14,18.5,16.6,30.6,54.2,182.6,1.1,37.7,137,3.6,0.8,68.3,319.6,4.7,7.9,7.1,1.6,16.6,6,48.5,0.9,0.4,1.4,2017,SEC
13,Michigan,13,18.8,12.3,25.2,48.8,150.1,0.8,34.7,120.9,3.5,1.2,59.9,271,4.5,5.8,6.1,1.9,13.8,5.5,46.1,0.5,0.8,1.3,2017,Big Ten
14,LSU,13,18.9,15.5,29.1,53.4,187.6,0.8,33.2,129,3.9,1.2,62.2,316.6,5.1,8.5,6.4,1.5,16.3,4.8,35.8,0.5,0.9,1.4,2017,SEC
15,Ohio State,14,19,17.6,31.9,55,195.9,1.1,35.8,105.1,2.9,0.9,67.7,300.9,4.4,9.1,5.5,2.1,16.7,5.9,51.5,0.8,0.9,1.7,2017,Big Ten
16,TCU,14,19,16.4,31.1,52.5,227.5,1.6,34.3,103.9,3,0.6,65.4,331.4,5.1,9.1,5.6,1.9,16.6,4.8,42.6,0.5,0.9,1.4,2017,Big 12
17,Iowa,13,19.9,19.8,35.3,56,212.8,1.5,35,144.6,4.1,0.8,70.3,357.5,5.1,10,7.4,1.4,18.8,6.1,54.7,0.4,1.6,2,2017,Big Ten
19,Michigan State,13,20,18.5,32.7,56.7,201.9,1.2,28.3,95.3,3.4,0.9,61,297.2,4.9,9.4,4.8,1.6,15.8,4.8,45.5,0.7,1.1,1.8,2017,Big Ten
20,Northwestern,13,20.1,21.8,38.1,57.2,249.5,1.4,33.1,107.8,3.3,1,71.2,357.4,5,11.5,6.4,1.3,19.2,5.2,48.9,0.6,1.3,1.9,2017,Big Ten
22,Duke,13,20.2,12.8,25.3,50.8,179.4,1.2,38.3,153.2,4,1.2,63.6,332.6,5.2,6.7,7.9,1.7,16.3,5.7,53.5,0.3,1.2,1.5,2017,ACC
24,Purdue,13,20.5,19.1,33.6,56.8,242.5,1.6,37.4,133.2,3.6,0.8,71,375.8,5.3,10.6,6.8,1.8,19.2,6.9,59.8,0.8,0.8,1.6,2017,Big Ten
25,South Carolina,13,20.7,19.9,33.8,58.9,226,1.1,37.2,141.1,3.8,1.2,71.1,367.1,5.2,10.7,7.8,1.8,20.4,5.5,40.5,1.1,1.1,2.2,2017,SEC
26,Iowa State,13,20.9,21.8,32.5,67.1,238.2,1.8,35.4,128,3.6,0.8,67.8,366.2,5.4,11.4,7.4,1.2,19.9,7.2,67.5,0.6,0.9,1.5,2017,Big 12
27,Mississippi State,13,20.9,12.2,24.2,50.6,174.7,1,34.5,131.6,3.8,1.4,58.6,306.3,5.2,5.5,6.2,1.8,13.5,4.9,48.2,0.6,1,1.6,2017,SEC
28,Miami (FL),13,21,19.7,34.4,57.3,217.1,1.5,41.5,147.1,3.5,0.8,75.9,364.2,4.8,9.9,9.2,1.6,20.8,5.7,50.4,1.1,1.3,2.4,2017,ACC
29,Florida State,13,21.2,18.7,33.8,55.2,195.5,1.2,35.8,135.6,3.8,1.5,69.7,331.1,4.8,9.2,6.9,1.2,17.4,4.6,39.2,0.5,0.7,1.2,2017,ACC
30,Texas,13,21.2,20.1,34.9,57.5,258.8,1.3,35.5,107.8,3,1.1,70.4,366.6,5.2,10,6.3,1.3,17.6,6.8,52,0.8,1.2,2,2017,Big 12
35,Stanford,14,22.7,19.6,30.9,63.3,236.1,1.4,36.8,169.4,4.6,1.3,67.7,405.6,6,10.2,9.1,1.6,20.9,6.6,63.4,0.7,1.3,2,2017,Pac-12
36,Boston College,13,22.8,16.2,31.5,51.3,191.6,0.8,39.8,191.2,4.8,2,71.2,382.8,5.4,8.8,8.5,0.7,18.1,4.7,37.8,0.5,1.4,1.9,2017,ACC
37,Minnesota,12,22.8,17.5,27.7,63.3,174.5,1.3,35.2,172.2,4.9,1.6,62.8,346.7,5.5,7.9,8.4,1,17.3,5.3,53.3,0.8,0.7,1.5,2017,Big Ten
39,Utah,13,23.2,18.9,33.9,55.8,207.1,1.3,32.6,131.8,4,1.1,66.5,338.8,5.1,9,6.8,1.8,17.6,5.3,49.5,1,1.1,2.1,2017,Pac-12
42,Houston,12,23.8,24.6,39.4,62.4,274.3,0.8,39.3,147.9,3.8,1.6,78.7,422.2,5.4,12.3,8.9,1.7,22.8,6.6,53.1,0.5,1.3,1.8,2017,Big 12
50,Kansas State,13,25.2,25.2,40.5,62.2,309.1,1.8,32.8,117.7,3.6,1.3,73.3,426.8,5.8,13.5,6.8,0.8,21,5.7,47.2,0.8,0.9,1.8,2017,Big 12
51,North Carolina State,13,25.2,20.1,35.6,56.4,253.2,1.7,33.5,131.1,3.9,1.2,69.1,384.2,5.6,10.5,7.6,1.5,19.5,5.9,49.2,0.5,1.1,1.6,2017,ACC
52,Indiana,12,25.3,15.1,27.7,54.5,179.7,1.5,41.4,160.4,3.9,1.5,69.1,340.1,4.9,7,8.2,2.3,17.5,7.6,65.5,0.7,0.4,1.1,2017,Big Ten
59,Washington State,13,25.8,14.6,27,54.1,170.9,0.8,35.9,152.7,4.3,2,62.9,323.6,5.1,7.2,8,1.4,16.4,5.8,50.7,1,1.2,2.2,2017,Pac-12
60,USC,14,26.1,18.4,33.9,54.3,237,1.6,36.4,159.3,4.4,1.4,70.3,396.3,5.6,9.3,8.7,2.1,20.1,6.7,56,0.6,1.1,1.8,2017,Pac-12
63,Georgia Tech,11,26.5,17.8,30.3,58.9,200.6,1.5,33.9,153.6,4.5,1.4,64.2,354.3,5.5,9,8.5,0.8,18.3,3.8,36,0.4,0.5,0.9,2017,ACC
68,Oklahoma,14,27.1,19.1,31.8,60,238.4,1.6,35.8,156.4,4.4,1.7,67.6,394.9,5.8,9.5,8.4,2.5,20.4,5.3,45.1,0.7,0.6,1.3,2017,Big 12
69,Florida,11,27.3,13.5,24.5,54.8,195.4,1.5,36.4,153.9,4.2,1.5,60.9,349.3,5.7,8.4,7.5,1.6,17.5,5.8,45.5,0.3,1.3,1.5,2017,SEC
70,Louisville,13,27.4,17.2,29.6,58.2,224.7,1.4,39.5,163.4,4.1,1.8,69.2,388.1,5.6,10.2,9.1,1.2,20.5,5.7,55.3,0.8,1,1.8,2017,ACC
74,Colorado,12,28.2,18.9,33.9,55.8,242.6,1.4,39.6,208.3,5.3,1.9,73.5,450.8,6.1,10.6,11.1,1.6,23.3,5.3,50.1,0.5,0.7,1.2,2017,Pac-12
75,Kentucky,13,28.2,21.1,32.8,64.2,251.6,1.6,35.8,175.3,4.9,1.8,68.7,426.9,6.2,11.2,9.5,1.5,22.2,7,60.5,0.5,0.8,1.4,2017,SEC
76,Rutgers,12,28.3,17.2,30.1,57.1,216.8,1.6,39.3,182.5,4.6,1.8,69.4,399.3,5.8,10.8,8.2,1.3,20.3,6.8,57.3,0.3,1,1.3,2017,Big Ten
77,Wake Forest,13,28.3,22.8,40.2,56.7,271.5,1.5,42.1,185.8,4.4,1.8,82.2,457.3,5.6,12.8,10,1.3,24.1,4.8,43.6,0.5,1.1,1.6,2017,ACC
78,California,12,28.4,22.3,34.4,64.6,265.8,1.5,39.6,164.1,4.1,1.8,74,429.9,5.8,11.2,9.7,1.4,22.4,7.6,67.9,0.8,1.2,2,2017,Pac-12
79,Virginia,13,28.4,13.2,24.8,53.4,165.8,1.4,42.8,199.3,4.7,1.9,67.6,365.1,5.4,7.8,9.7,1.4,18.8,5.1,45.3,0.2,1.2,1.4,2017,ACC
81,Oregon,13,29,19.7,35.8,55.1,240.6,1.9,37,128.5,3.5,1.5,72.8,369.2,5.1,10.2,7.2,3.5,20.7,5.3,54.7,0.8,1.2,1.9,2017,Pac-12
83,Tennessee,12,29.1,12.8,23.3,55.2,161.7,1.3,46.3,251.3,5.4,2.4,69.5,412.9,5.9,7.7,12.8,1.3,21.8,6.6,53,0.8,0.4,1.3,2017,SEC
85,Oklahoma State,13,29.4,20.4,35.4,57.6,268.6,1.5,38.9,140.7,3.6,1.8,74.3,409.3,5.5,11.1,8.6,2.3,22,5.8,47.9,0.5,1.3,1.8,2017,Big 12
87,Texas A&M,13,30.7,19,31.8,59.8,237.6,2.2,40.6,171,4.2,1.5,72.4,408.6,5.6,9.8,8.3,1.6,19.8,5.4,44.8,0.9,0.8,1.7,2017,SEC
88,North Carolina,12,31.3,16.8,30.3,55.4,223.1,1.8,44.3,213,4.8,1.8,74.6,436.1,5.8,9,11,2.1,22.1,5.3,48.1,0.8,0.6,1.3,2017,ACC
89,Vanderbilt,12,31.3,15.9,27.3,58.2,194.6,1.3,39.9,199.8,5,2.5,67.3,394.3,5.9,8.3,10.5,2.2,21,7.2,46.4,0.2,0.6,0.8,2017,SEC
90,Illinois,12,31.5,16.8,28.3,59.3,199.9,1.7,45.7,218.5,4.8,2.3,73.9,418.4,5.7,9.1,11.4,1.9,22.4,6.3,58.6,0.8,0.8,1.6,2017,Big Ten
91,West Virginia,13,31.5,18,31.2,57.8,241.4,1.8,41.5,204.2,4.9,2,72.6,445.5,6.1,9.7,9.3,2.5,21.5,7.2,65.5,0.6,0.8,1.5,2017,Big 12
93,Cincinnati,12,31.8,18.3,29.4,62,236.1,1.9,43.8,192.4,4.4,1.6,73.3,428.5,5.8,10.3,9.9,2.7,22.9,7.2,66.8,0.5,0.4,0.9,2017,Big 12
95,Missouri,13,31.8,20.2,33.9,59.6,254.5,1.5,40.2,160,4,2.1,74.2,414.5,5.6,10.2,8.5,1.8,20.5,5.9,49.8,0.4,0.9,1.3,2017,SEC
99,Syracuse,12,32.2,19.3,31.8,60.9,247.3,1.6,37.6,196.7,5.2,2.3,69.3,444,6.4,10.2,9.1,1.4,20.7,6.6,59.6,0.7,0.3,1,2017,ACC
100,Texas Tech,13,32.2,24.7,39.2,62.9,282.2,2.5,37.5,161.6,4.3,1.2,76.8,443.8,5.8,13.2,8.2,2.8,24.3,5.8,57.3,1.2,1.1,2.2,2017,Big 12
103,Arizona State,13,32.8,22.2,35.3,63,274.9,1.5,35.2,176.5,5,2.4,70.5,451.4,6.4,11.8,8.8,1.8,22.4,6.8,57.9,0.5,0.8,1.3,2017,Pac-12
109,Arizona,13,34.4,23.6,37.9,62.3,286.1,1.9,40,187.7,4.7,2.5,77.9,473.8,6.1,12.6,9.8,2.2,24.8,8.2,75.6,0.5,1.5,1.9,2017,Pac-12
110,Ole Miss,12,34.6,16.6,28.8,57.7,214.2,1.5,45.8,245.3,5.4,2.4,74.6,459.5,6.2,10.1,11.1,2,23.2,5.7,53.6,0.4,0.7,1.1,2017,SEC
114,Baylor,12,35.9,21.3,32.2,66.1,267,2.1,38.6,189.9,4.9,1.8,70.8,456.9,6.5,10.4,10.3,1.3,22,6.6,65.6,0.7,0.3,0.9,2017,Big 12
115,Arkansas,12,36.2,17.1,28.8,59.2,242.2,1.9,39,196.3,5,2.3,67.8,438.4,6.5,9.6,10.7,1.2,21.4,5.4,45.2,0.8,0.7,1.4,2017,SEC
116,Nebraska,12,36.4,19.5,30.3,64.5,221.4,1.6,38.3,216.7,5.7,2.8,68.5,438.1,6.4,10.2,10.9,2.2,23.3,6,53.2,0.3,0.8,1,2017,Big Ten
117,UCLA,13,36.6,15.6,27.3,57.2,196.3,1.5,49.9,287.4,5.8,2.7,77.2,483.7,6.3,8.6,12.7,3.3,24.6,7.5,67.1,0.4,0.6,1,2017,Pac-12
120,Maryland,12,37.1,19.9,33.8,58.9,228.6,1.9,40.8,190.8,4.7,2.4,74.7,419.4,5.6,11.3,10,2.7,23.7,5.8,57.5,0.5,0.8,1.3,2017,Big Ten
128,Oregon State,12,43,19.1,28.7,66.6,237.3,2.4,42.9,235.8,5.5,2.9,71.6,473.1,6.6,10.8,12.8,2.6,26.2,6.3,60.3,0.6,0.6,1.2,2017,Pac-12
129,Kansas,12,43.4,22.1,31.9,69.2,296.8,2.6,40.8,172.5,4.2,2.6,72.7,469.3,6.5,11.8,8.8,1.4,22,6,51.3,0.4,0.3,0.8,2017,Big 12
1,Alabama,15,13,18.2,33.8,53.8,197.9,1,31.7,63.9,2,0.3,65.5,261.8,4,8.3,4.7,1.4,14.5,3.9,31.4,0.9,1.1,1.9,2016,SEC
2,Michigan,13,14.1,11,25.2,43.6,142.5,0.8,37,119.2,3.2,0.7,62.2,261.8,4.2,5.5,7,1.8,14.3,5.4,41.8,0.5,1,1.5,2016,Big Ten
3,Ohio State,13,15.5,15.1,30.8,48.9,172.2,0.8,36.6,127.9,3.5,0.6,67.5,300.2,4.4,8,6.8,0.6,15.4,4.5,41.2,0.5,1.6,2.1,2016,Big Ten
4,Wisconsin,14,15.6,16.4,31.1,52.5,202.6,0.9,30.1,98.8,3.3,0.6,61.2,301.4,4.9,9.3,5.9,1.1,16.4,4.4,34.9,0.4,1.6,2,2016,Big Ten
5,LSU,12,15.8,16.2,30.3,53.3,197.2,0.8,35.8,117.3,3.3,0.6,66.1,314.4,4.8,8.3,6.4,1.3,16,5.3,41.8,0.7,0.8,1.4,2016,SEC
6,Florida,13,16.8,11.4,25.2,45.1,148.5,0.6,37.5,144.5,3.8,1.2,62.8,293,4.7,6.4,7.4,2.1,15.8,4.3,35.8,0.6,1.2,1.8,2016,SEC
7,Auburn,13,17.1,20.8,35.8,57.9,229.2,1.1,35.5,132.8,3.7,0.6,71.4,361.9,5.1,10.5,7.3,1.4,19.2,6.1,49.2,0.5,0.8,1.3,2016,SEC
8,Washington,14,17.7,18.4,32.1,57.2,182.9,0.9,36.7,133.9,3.6,1.1,68.8,316.9,4.6,8.5,7,2.1,17.6,6.1,50.3,1,1.4,2.4,2016,Pac-12
10,Clemson,15,18,16.8,32.1,52.4,181.9,0.9,35,129.6,3.7,1.3,67.1,311.5,4.6,7.7,6.8,2.5,17,7.9,67.5,0.5,1.3,1.8,2016,ACC
12,Miami (FL),13,18.5,20.2,34.3,58.7,213.8,1.3,38.2,133.1,3.5,0.8,72.5,346.8,4.8,9.5,7.8,1.5,18.8,7.1,61.4,0.8,0.6,1.5,2016,ACC
13,Iowa,13,18.8,15.5,30.8,50.4,201.4,1.4,37.8,149.8,4,0.8,68.7,351.2,5.1,8.8,8.2,1.2,18.2,5.2,40.2,0.7,0.7,1.4,2016,Big Ten
18,Stanford,13,20.4,18.4,33.6,54.7,223.6,1.4,34.8,145.8,4.2,1.2,68.4,369.4,5.4,9.9,8.2,1.5,19.5,6.7,58.2,0.5,1.1,1.5,2016,Pac-12
20,Colorado,14,21.7,16.7,33.6,49.7,193.1,1.3,36.4,149.7,4.1,1,70,342.9,4.9,9.1,7.1,1.4,17.6,5.8,51.7,0.8,1.1,1.9,2016,Pac-12
21,Minnesota,13,22.1,21.1,37.5,56.3,230.9,1.7,34.8,117.8,3.4,0.9,72.3,348.8,4.8,9.9,7.3,1.8,19,4.7,42.1,1.2,0.7,1.9,2016,Big Ten
23,Northwestern,13,22.2,23.3,38.2,61.1,265.2,1,36.8,139.2,3.8,1.5,74.9,404.4,5.4,12,8.7,0.8,21.5,4.7,45.6,0.7,1.2,1.9,2016,Big Ten
24,Wake Forest,13,22.2,18.5,32.2,57.7,228.2,1.2,37.3,142.4,3.8,1.5,69.5,370.5,5.3,9.9,8.2,1.2,19.3,5.4,47.5,1.2,0.9,2.1,2016,ACC
25,Kansas State,13,22.3,22.8,36.5,62.7,272.7,2,30.6,115.8,3.8,0.8,67.1,388.5,5.8,11.9,6.8,1.4,20.2,6.5,61,0.7,1.2,1.9,2016,Big 12
27,North Carolina State,13,22.8,21.2,36.2,58.5,244.2,1.2,32.5,109.3,3.4,1.4,68.7,353.5,5.1,10.8,6.2,2,19.1,6,50.1,0.9,0.8,1.7,2016,ACC
28,Virginia Tech,14,22.8,15.4,30.8,50.1,200.2,1.3,37.4,140.5,3.8,1.6,68.2,340.7,5,8.3,7,1.9,17.3,8.1,58.9,0.6,1.1,1.8,2016,ACC
30,Houston,13,23.5,18.1,32.2,56.1,219.5,1.5,34.4,100.2,2.9,1.2,66.6,319.6,4.8,9.5,5.7,1.2,16.4,5.7,48.6,0.8,0.5,1.4,2016,Big 12
31,Louisville,13,23.8,17.2,31.6,54.5,207.1,2.2,37.2,115.2,3.1,0.5,68.8,322.2,4.7,8.8,6.5,2.2,17.5,5.9,56.8,0.8,1.2,1.9,2016,ACC
33,Nebraska,13,23.9,19.5,32.5,60.2,215.8,1.2,33.2,148,4.5,1.7,65.7,363.8,5.5,9.3,7,1.5,17.8,5,44.5,0.2,1.2,1.5,2016,Big Ten
34,Utah,13,23.9,19.5,35.8,54.5,254.3,1.8,32.9,128.7,3.9,1,68.8,383,5.6,11.2,6.8,1.5,19.5,5.4,44.5,0.9,1.4,2.3,2016,Pac-12
35,Georgia,13,24,15.4,26.1,59,183.8,1.1,36.2,143.7,4,1.8,62.2,327.5,5.3,7.4,7.8,0.8,16,5,39.8,0.9,1.2,2.1,2016,SEC
36,Vanderbilt,13,24,20.8,34.1,61.2,244.6,1.5,35,163.5,4.7,1.1,69.1,408.2,5.9,10.6,8.3,1.5,20.5,6.2,55.8,1.1,0.4,1.5,2016,SEC
37,West Virginia,13,24,20.8,36.8,56.7,257.7,1.6,39.8,168.2,4.2,1.1,76.5,425.9,5.6,11.1,9.1,1.7,21.9,7.3,68.5,0.8,1.1,1.9,2016,Big 12
38,USC,13,24.2,19.2,33.8,56.9,227.5,1.8,34.5,139.6,4.1,1.2,68.2,367.2,5.4,10,7.1,2,19.1,4.8,45.2,0.5,1.1,1.5,2016,Pac-12
39,Georgia Tech,13,24.5,20.8,33.4,62.2,229.4,1.1,36.4,172.2,4.7,1.8,69.8,401.6,5.8,11.3,9.4,0.9,21.6,5.1,41.2,0.6,0.8,1.5,2016,ACC
40,Texas A&M,13,24.5,20.9,35.5,58.9,250,1.2,44.1,191.8,4.4,1.6,79.6,441.8,5.5,10.9,10.2,2.4,23.5,6.3,44.2,0.9,0.9,1.8,2016,SEC
43,North Carolina,13,24.9,14.1,25.2,55.8,180.8,0.8,50.7,227.3,4.5,2.2,75.9,408.1,5.4,8.4,11.8,1.8,21.9,7.2,61.7,1,0.1,1.1,2016,ACC
44,Boston College,13,25,16.4,29.3,55.9,205.6,2.2,32.3,108.6,3.4,1.2,61.6,314.2,5.1,8.2,5.2,2.1,15.5,5.6,47,1.2,0.9,2.1,2016,ACC
45,Florida State,13,25,17.2,31.1,55.4,221.1,1.4,35.2,128,3.6,1.5,66.2,349.1,5.3,9.6,6.8,2.4,18.8,6.6,59.1,0.6,1.2,1.8,2016,ACC
47,Penn State,14,25.4,20.9,33.7,61.9,216.6,1.3,39.4,151.3,3.8,1.6,73.1,367.9,5,10,7.8,1.8,19.6,7.2,62.8,0.8,0.7,1.5,2016,Big Ten
50,Washington State,13,26.4,21.4,34.2,62.5,271.7,1.5,32.8,134.5,4.1,1.6,67.1,406.2,6.1,11.6,6.8,1.8,20.3,7.5,72.9,0.8,0.9,1.8,2016,Pac-12
52,Oklahoma State,13,26.5,20.2,33.2,61,252.8,1.7,42.2,193.5,4.6,1.7,75.3,446.3,5.9,11,9.7,1.9,22.6,5.3,46.6,0.8,1.1,1.9,2016,Big 12
53,South Carolina,13,26.5,18.7,31,60.3,208.7,1.5,42.2,203.5,4.8,1.5,73.2,412.2,5.6,10.3,11.1,1.5,23,6.4,56.2,0.9,1.2,2.1,2016,SEC
55,Cincinnati,12,26.9,19.9,32.4,61.4,233.3,1.5,46.8,189.8,4.1,1.4,79.2,423,5.3,11.3,11.1,1.5,23.9,5,44.8,0.6,1.4,2,2016,Big 12
57,Indiana,13,27.2,16.8,32.1,52.5,219.7,1.3,42.6,160.4,3.8,1.5,74.7,380.1,5.1,9.5,8.6,1.4,19.5,6.8,56.5,0.8,1,1.8,2016,Big Ten
59,UCLA,12,27.5,20.4,36.8,55.6,210.5,1,41.9,171.5,4.1,1.8,78.7,382,4.9,10.8,8.8,2.8,22.3,6.8,63.8,0.7,1.3,1.9,2016,Pac-12
61,Michigan State,12,27.8,16.5,27.7,59.6,206.2,1.6,38.3,158.7,4.1,1.8,66,364.8,5.5,9,7.7,1.9,18.6,4.2,38.6,0.4,0.7,1.1,2016,Big Ten
64,TCU,13,28,18.8,32.9,57,238.9,1.5,44.3,188,4.2,1.8,77.2,426.9,5.5,9.8,10,1.2,21.1,5.9,48.2,0.6,0.6,1.2,2016,Big 12
66,Duke,12,28.2,14.8,26.8,55,239.8,1.8,39.1,174.9,4.5,1.6,65.9,414.7,6.3,8.5,8.6,0.9,18,6,48.8,0.8,0.8,1.6,2016,ACC
69,Oklahoma,13,28.8,20.8,38.1,54.7,269.4,2.2,35.8,162.6,4.5,1.2,73.8,432,5.9,11.2,8.6,1.5,21.2,6.7,54.1,0.6,0.7,1.3,2016,Big 12
70,Tennessee,13,28.8,18.3,33.2,55.1,230.7,1.4,43.7,218.5,5,2.2,76.9,449.2,5.8,10.3,10.5,1.7,22.5,6.4,51.7,1,0.8,1.8,2016,SEC
71,Baylor,13,29,17.4,31.7,54.9,230.2,1.3,47.7,200.7,4.2,2.3,79.4,430.8,5.4,9.8,10.2,2.2,22.3,5.9,47.8,0.8,0.9,1.7,2016,Big 12
74,Maryland,13,29.5,17,30.3,56.1,212.3,1.5,45.1,214.8,4.8,2.4,75.4,427.1,5.7,9.9,11,2.1,23,6.2,56.3,0.5,0.4,0.9,2016,Big Ten
82,Oregon State,12,30.5,18.8,33.5,56.2,211.2,1.3,41,218,5.3,2.1,74.5,429.2,5.8,9.8,11.1,2.2,23.1,5.8,54.3,1.1,0.6,1.7,2016,Pac-12
85,Arkansas,13,31.1,16.8,28.5,58.9,221.2,0.9,34.5,206.3,6,3,63,427.5,6.8,9.5,8.8,0.8,19.2,4.4,41.2,0.8,0.8,1.6,2016,SEC
87,Iowa State,12,31.3,19.6,32.1,61,234.8,2.1,43.8,218.2,5,1.9,75.9,452.9,6,10.5,12.3,1.7,24.4,5.2,49.9,0.3,0.8,1.1,2016,Big 12
88,Kentucky,13,31.3,15.5,27.1,57.4,206.1,1.5,44.2,230.8,5.2,1.9,71.3,436.8,6.1,9.5,12.1,1.2,22.7,6.5,51.4,0.6,1,1.6,2016,SEC
89,Missouri,12,31.5,20.1,34.8,57.7,246.8,1.4,44.2,233.3,5.3,2.3,79,480.1,6.1,11.1,10,1.7,22.8,6.3,50.7,0.4,1.3,1.7,2016,SEC
91,Texas,12,31.5,20.5,33.8,60.7,258.5,1.8,45.7,190.3,4.2,1.9,79.4,448.8,5.7,10.7,10.3,2,23,6.9,61.5,0.8,0.8,1.7,2016,Big 12
93,Mississippi State,13,31.8,22.4,36.3,61.7,281.5,2.5,37.2,177.8,4.8,1.3,73.5,459.3,6.3,13.2,8.5,1.2,22.9,5.2,43.2,0.7,1.1,1.8,2016,SEC
94,Illinois,12,31.9,16.2,25.7,63,185.9,0.9,47.4,219.2,4.6,2.9,73.1,405.1,5.5,9.3,10.5,1.7,21.5,5.2,44.8,0.9,0.6,1.5,2016,Big Ten
99,Virginia,12,33.8,18.4,30.1,61.2,256.6,2.1,40.4,190,4.7,1.7,70.5,446.6,6.3,11.3,8.5,1.8,21.5,5.9,54.7,0.7,0.8,1.4,2016,ACC
100,Ole Miss,12,34,17.2,29.2,58.9,214.9,1.3,45.4,246.4,5.4,2.6,74.6,461.3,6.2,9.7,11.4,1.4,22.5,6.8,57.6,0.7,0.7,1.3,2016,SEC
114,Kansas,12,37.3,17.6,29.8,59.1,219.8,2.2,45.8,236.6,5.2,2.3,75.5,456.3,6,8.9,12.4,1.8,23.1,6.5,58,1,0.8,1.8,2016,Big 12
116,Rutgers,12,37.5,14.3,24.6,58.3,186.5,1.8,46.1,264.6,5.7,2.8,70.7,451.1,6.4,7.3,11.9,1,20.2,5.8,46.3,0.5,0.7,1.2,2016,Big Ten
117,Arizona,12,38.3,23.4,35.6,65.8,275.2,2.8,41.3,194.2,4.7,2.3,76.9,469.3,6.1,11.8,10.8,2.6,25.2,8.5,73.1,0.5,0.7,1.2,2016,Pac-12
119,Purdue,12,38.3,15.6,26.3,59.4,207.4,1.8,45.3,238.5,5.3,2.9,71.6,445.9,6.2,9.3,11.3,1.2,21.8,7.1,63.9,0.3,1,1.3,2016,Big Ten
120,Syracuse,12,38.6,17.9,31.1,57.6,276.1,1.7,41.2,225.5,5.5,2.9,72.3,501.6,6.9,11.6,10.1,1.3,22.9,5.3,51.2,0.8,0.8,1.6,2016,ACC
123,Arizona State,12,39.8,25.8,40.4,63.9,357.4,2.8,33.1,164.3,5,2.1,73.5,521.7,7.1,13.6,7.8,1.8,23.2,6.8,60.3,0.7,0.8,1.4,2016,Pac-12
126,Oregon,12,41.4,24.3,37.4,64.8,271.9,2.4,43.3,247,5.7,3.2,80.8,518.9,6.4,13,13.1,2,28.1,8.1,73.2,0.3,0.8,1,2016,Pac-12
127,California,12,42.6,19.7,32.9,59.7,245.4,2.5,44.3,272.9,6.2,2.7,77.3,518.3,6.7,11.1,13.2,2.4,26.7,8.9,76.8,0.6,0.9,1.5,2016,Pac-12
128,Texas Tech,12,43.5,22.6,36.9,61.2,315.8,2.3,41.7,238.6,5.7,3.1,78.6,554.3,7.1,14.3,11.5,0.9,26.8,6.5,61.8,0.7,0.4,1.1,2016,Big 12
1,Wisconsin,13,13.7,14.8,30.3,49,172.9,0.5,30.5,95.6,3.1,1,60.8,268.5,4.4,8.2,4.6,1.2,14.1,7.6,66.8,0.7,0.9,1.6,2015,Big Ten
2,Alabama,15,15.1,16.7,33,50.5,200.5,1.1,31.2,75.7,2.4,0.5,64.2,276.3,4.3,8.6,4.5,1.8,14.9,6,46.4,0.5,1.3,1.8,2015,SEC
3,Ohio State,13,15.1,15.9,31.6,50.4,184.5,1.1,37.5,126.8,3.4,0.8,69.2,311.3,4.5,7.9,7.2,1.5,16.6,5.3,41.4,0.7,0.9,1.6,2015,Big Ten
4,Boston College,12,15.3,14.4,27.8,51.8,171.3,0.8,34.8,83.3,2.4,0.5,62.6,254.6,4.1,7.3,4.5,2,13.8,6.5,53.2,0.8,1.1,1.9,2015,ACC
5,Missouri,12,16.2,18.3,29.5,61.9,169.3,0.8,40.3,132.8,3.3,0.9,69.8,302,4.3,8.2,8.3,1.3,17.8,5.2,50.4,0.6,0.8,1.3,2015,SEC
6,Michigan,13,16.4,13.9,29.3,47.5,158.3,0.6,33.6,122.4,3.6,0.9,62.9,280.7,4.5,7.3,7,2.4,16.7,5.7,51.4,0.2,0.8,0.9,2015,Big Ten
8,Georgia,13,16.9,13.7,26.5,51.7,156.5,0.8,37.5,149,4,0.8,63.9,305.5,4.8,6.7,6.8,1,14.5,4.8,34,0.8,0.9,1.7,2015,SEC
9,Florida State,13,17.5,19.4,34.1,56.9,191.6,1.1,37.9,145.3,3.8,0.8,72,336.9,4.7,9.4,8.2,1.3,18.9,5.7,48.5,0.5,0.6,1.2,2015,ACC
11,Florida,14,18.3,16.4,30.3,54.2,181.6,1.2,36.4,128.6,3.5,0.9,66.6,310.2,4.7,7.9,7.6,1.4,16.9,5,36.1,0.8,1,1.8,2015,SEC
12,Northwestern,13,18.6,18.8,34.8,54,192.8,0.4,35.6,126.2,3.5,1.6,70.4,318.9,4.5,8.5,7.6,1.2,17.3,4.6,41.5,0.7,0.9,1.6,2015,Big Ten
13,Washington,13,18.8,19.5,33.7,58,226.5,0.8,38.1,125.3,3.3,1.2,71.8,351.8,4.9,10.3,7,1.8,19.1,5.6,48.2,0.9,1.2,2.1,2015,Pac-12
16,Tennessee,13,20,16.9,33.4,50.7,210.4,1.3,36.1,152.6,4.2,0.9,69.5,363,5.2,9.2,7.5,1.4,18.1,6.5,56.5,0.5,0.9,1.5,2015,SEC
19,Iowa,14,20.4,18.9,35.2,53.8,219.6,1.1,33.5,121.4,3.6,0.8,68.7,341,5,10.4,7.1,1.9,19.3,6.4,58.9,0.6,1.4,1.9,2015,Big Ten
20,Houston,14,20.7,19.9,35.7,55.6,274.7,1.3,34.3,108.9,3.2,1.1,70,383.6,5.5,10.8,6,1.3,18.1,6.9,55.4,1,1.5,2.5,2015,Big 12
22,Vanderbilt,12,21,17.8,32.3,55,207.3,0.8,35.6,143.3,4,1,67.8,350.6,5.2,8.9,6.7,1.6,17.2,7.2,57.3,0.8,0.5,1.3,2015,SEC
24,Clemson,15,21.7,14.1,29.1,48.5,187.7,1.3,35.5,125.7,3.5,1.1,64.6,313.4,4.9,7.4,6.2,1.4,15,5.9,54.5,0.6,1.1,1.7,2015,ACC
25,Michigan State,14,21.7,19.3,31.9,60.5,233.9,1.4,32.1,116,3.6,1.1,63.9,349.9,5.5,9.7,6.4,1.6,17.8,5.6,49.6,0.9,1.1,2,2015,Big Ten
27,Penn State,13,21.8,16.5,28.6,57.5,173.5,1.1,39.3,151,3.8,1.5,67.9,324.5,4.8,8.8,8.3,0.8,18,7,58.4,0.9,0.8,1.7,2015,Big Ten
29,Oklahoma,13,22,17.7,33.6,52.6,202.8,1.5,42.5,161.7,3.8,1.2,76.2,364.5,4.8,9.2,9.1,2.2,20.4,5.9,52.4,0.5,1.5,2.1,2015,Big 12
30,Texas A&M,13,22,15.9,27.5,58,166.3,0.8,42.7,213.7,5,1.5,70.2,380,5.4,6.8,10.3,1.9,19,6.5,57.8,0.5,0.8,1.4,2015,SEC
31,Utah,13,22.3,20.4,37.8,54,258.2,1.7,33.1,108.6,3.3,0.8,70.8,366.8,5.2,11.4,6.3,1.8,19.5,5.5,52.2,0.9,1.7,2.6,2015,Pac-12
32,Ole Miss,13,22.6,24.5,41,59.8,258.8,1.8,38.2,127.1,3.3,0.6,79.2,385.8,4.9,12,7.6,1.7,21.3,6.7,53.5,0.6,1.1,1.7,2015,SEC
33,Stanford,14,22.6,19.4,33.8,57.3,229,1.4,32.4,139.3,4.3,1.1,66.1,368.3,5.6,10.4,7.6,1.1,19.1,5.7,53,0.4,0.6,1,2015,Pac-12
36,Mississippi State,13,23.2,19.8,32.6,60.6,216.5,1.2,40.8,174.6,4.3,1.2,73.5,391.2,5.3,9.9,8.7,1.2,21,4.5,39.7,0.1,1,1.1,2015,SEC
37,Illinois,12,23.3,18.6,32.6,57,183.9,1.4,39.1,166.9,4.3,1.3,71.7,350.8,4.9,7.8,8.5,1.8,18.1,5.3,44.6,0.7,1.1,1.8,2015,Big Ten
39,Louisville,13,24.1,18.2,32.4,56.1,212.5,1.8,36.7,120.2,3.3,0.8,69.1,332.8,4.8,8.6,6.9,1.9,17.5,6.2,56,0.7,1.3,2,2015,ACC
41,LSU,12,24.3,19.7,34.9,56.3,224.3,1.8,32.2,122.9,3.8,1.2,67.1,347.2,5.2,8.9,7,1.3,19.5,6.1,50.8,0.6,0.8,1.4,2015,SEC
42,North Carolina,14,24.5,16.9,31.1,54.5,188.1,1.1,48.1,248.2,5.2,1.8,79.1,436.4,5.5,9.6,13.1,1.9,24.6,7.2,63.1,0.6,1.2,1.8,2015,ACC
43,Wake Forest,12,24.6,16.6,26.8,61.8,202.5,1.4,38.5,161.8,4.2,1.3,65.3,364.3,5.6,8.9,7.3,1.8,18.1,7,62.3,0.4,0.5,0.9,2015,ACC
44,West Virginia,13,24.6,17.7,34.3,51.6,237.7,1.8,40.2,158.8,3.9,0.6,74.5,396.5,5.3,9.9,7.6,2.2,19.8,6.3,61.2,0.6,1.8,2.4,2015,Big 12
45,Minnesota,13,25.2,17.5,30.3,57.6,179.5,1,40.2,166.4,4.1,1.8,70.5,345.9,4.9,9.4,8.6,1.3,19.3,5.1,44.4,0.6,0.8,1.4,2015,Big Ten
47,Duke,13,25.4,17.2,31,55.3,240.9,1.8,42.5,153.8,3.6,1.2,73.5,394.7,5.4,9.6,9.1,1.5,20.2,6.6,53.5,0.7,0.8,1.5,2015,ACC
50,USC,14,25.7,20.6,32.6,63,251.1,1.8,37.6,149.3,4,1.2,70.3,400.4,5.7,11.5,8.5,2.1,22.1,5.1,44.4,0.6,1,1.6,2015,Pac-12
51,Georgia Tech,12,25.8,16.8,28.1,59.9,202.9,1,35.2,165.1,4.7,1.9,63.3,368,5.8,8.8,7.8,0.9,17.6,6.3,48.5,0.7,0.8,1.4,2015,ACC
52,North Carolina State,13,25.8,16.2,29.5,54.7,203.2,1.8,34.2,147.5,4.3,1.4,63.7,350.7,5.5,8.8,7.1,2.3,18.2,4.8,41.5,0.7,1,1.7,2015,ACC
54,Auburn,13,26,20.1,32.7,61.4,209.6,0.9,36.5,164.4,4.5,1.5,69.2,374,5.4,10.2,8.8,1.6,20.6,4.3,33.6,0.3,1,1.3,2015,SEC
56,UCLA,13,26,20.1,35.2,57.1,203.2,1.4,45.2,198.4,4.4,1.3,80.3,401.6,5,9.8,11.5,2.2,23.6,5.9,47.5,0.5,0.9,1.5,2015,Pac-12
59,Virginia Tech,13,26.3,13.4,27.1,49.4,189.1,1.4,39.6,180.8,4.6,1.7,66.7,369.8,5.5,8.3,7.8,2.2,18.3,7.3,59.3,1.2,0.8,1.9,2015,ACC
66,TCU,13,27.2,16.8,33.9,49.7,215.5,1.3,43.3,182.9,4.2,2,77.2,398.4,5.2,8.7,9.6,2.7,21,5.7,52.6,0.9,0.5,1.5,2015,Big 12
68,Arkansas,13,27.4,21.5,33.5,64.2,275.2,1.4,31,116.5,3.8,1.9,64.5,391.6,6.1,12.2,6.9,1,20.1,4.4,33.9,0.5,0.8,1.3,2015,SEC
69,Kentucky,12,27.4,16.3,28.6,57.1,198.1,1,42.5,196.1,4.6,1.8,71.1,394.2,5.5,9.3,9.9,1.6,20.8,5.7,50.8,0.8,0.9,1.7,2015,SEC
70,Colorado,13,27.5,19.2,33.5,57.2,218.2,1.8,39.5,198.7,5,1.5,72.9,416.9,5.7,10.3,8.6,1.7,20.6,6.4,53.2,0.6,1.1,1.7,2015,Pac-12
71,South Carolina,12,27.5,19,28.9,65.7,212.4,1.3,42.3,217.4,5.1,2.2,71.3,429.8,6,9.9,11.1,0.9,21.9,5.5,44.8,0.7,1,1.7,2015,SEC
74,Washington State,13,27.7,20.8,32.8,63.2,223,1,39.3,193.8,4.9,1.6,72.2,416.8,5.8,10.3,10.2,0.8,21.2,7.3,60.3,0.8,1,1.8,2015,Pac-12
76,Nebraska,13,27.8,22.5,38.8,57.8,290.5,1.9,29.2,109.8,3.8,1.4,68.1,400.4,5.9,12.5,4.4,2,18.9,6.5,57.8,0.4,0.8,1.2,2015,Big Ten
77,Miami (FL),13,28.2,19,31.8,59.8,203.5,1.2,38.3,201.3,5.3,1.9,70.1,404.8,5.8,9.8,10.3,2.7,22.8,6.8,58.7,0.8,1.2,1.9,2015,ACC
78,Baylor,13,28.3,19.6,34,57.7,233.5,2.2,42.5,163.1,3.8,1.1,76.5,396.5,5.2,9.7,9.2,2.2,21.1,7.8,64.2,0.9,1.1,2,2015,Big 12
87,Texas,12,30.3,19.1,31.8,59.9,233.4,1.9,48.6,219.2,4.5,1.8,80.4,452.6,5.6,11.4,12.3,1.8,25.5,5.9,48.2,1,1.1,2.1,2015,Big 12
88,Oklahoma State,13,30.5,19.3,33.3,58,252.2,1.5,43.9,186.9,4.3,2,77.2,439.1,5.7,10.6,9.8,1.7,22.2,7.7,68.1,0.8,1.3,2.2,2015,Big 12
89,California,13,30.7,18.4,30.9,59.5,243.9,1.5,43.5,209.8,4.8,1.8,74.4,453.7,6.1,10.2,10.8,1.2,22.2,6.7,63.5,0.9,1.2,2.1,2015,Pac-12
90,Syracuse,12,31,20.8,32.3,64.6,256,1.5,38.3,182.5,4.8,2,70.6,438.5,6.2,10.8,9.8,0.9,21.5,8.2,77.2,1,0.9,1.9,2015,ACC
91,Cincinnati,13,31.2,18.2,31.5,57.7,216.5,1.8,39.1,192.1,4.9,1.6,70.5,408.6,5.8,9.6,8.5,2.2,20.3,6.3,57.5,0.4,0.7,1.1,2015,Big 12
93,Kansas State,13,31.5,22.3,34.7,64.3,285.5,1.9,37.8,166.7,4.4,1.9,72.5,452.2,6.2,12.8,9.1,0.6,22.5,5.8,53.5,0.8,0.4,1.2,2015,Big 12
96,Virginia,12,32.2,19.5,31.3,62.4,254.8,1.9,34.8,156.7,4.5,1.3,66.1,411.5,6.2,10.5,8.3,1.8,20.5,6.1,54.5,0.9,0.3,1.3,2015,ACC
97,Iowa State,12,32.7,20.6,33.7,61.1,266.8,2.3,39.9,186.6,4.7,1.7,73.6,453.4,6.2,11.3,10,0.9,22.3,6.1,47.3,0.7,0.4,1.1,2015,Big 12
99,Arizona State,13,33.5,22.6,39.7,57,337.8,2.6,34.7,126.1,3.6,1.1,74.4,463.9,6.2,12.5,7.2,1.1,20.8,5.8,51.1,0.5,1.2,1.6,2015,Pac-12
103,Maryland,12,34.4,18.5,32.1,57.7,258.4,2.3,43.4,162.8,3.7,1.7,75.5,421.2,5.6,11.2,8.5,2.2,21.8,7.3,64.3,0.8,0.8,1.5,2015,Big Ten
104,Rutgers,12,34.9,19.6,30.6,64,275.9,1.7,36.7,186.2,5.1,2.8,67.3,462.1,6.9,12,7.8,1.1,20.9,4.1,36,0.3,1.1,1.3,2015,Big Ten
106,Arizona,13,35.8,21.2,34.1,62.3,268.2,2.1,44.7,198.5,4.4,2.3,78.8,466.7,5.9,11.2,10.3,1.6,23.1,7.3,71.5,0.4,0.8,1.2,2015,Pac-12
113,Purdue,12,36.5,20.4,32.8,62.3,243.4,1.8,42,215.6,5.1,2.3,74.8,459,6.1,11.8,10.2,2.3,24.3,7,56.8,0.8,1,1.8,2015,Big Ten
114,Oregon State,12,37,21.1,30.8,68.4,254.6,2.2,43.9,226.9,5.2,2.3,74.8,481.5,6.4,11.3,12.3,1.5,25.1,6.9,62.9,0.3,0.7,1,2015,Pac-12
116,Oregon,13,37.5,26.8,42.7,62.7,306.5,2.3,37.8,178.8,4.7,1.8,80.5,485.3,6,13.5,9.8,1.8,25.2,7.2,61.2,0.7,1,1.7,2015,Pac-12
117,Indiana,13,37.6,25.2,42.4,59.5,313.8,2.2,37.5,195.7,5.2,2.2,79.8,509.5,6.4,14.4,8.7,2,25.1,6.4,59.9,0.8,0.9,1.7,2015,Big Ten
125,Texas Tech,13,43.6,20.8,33.9,61.2,267.8,1.8,45.4,279.9,6.2,3.4,79.3,547.7,6.9,11.4,12.8,1.7,25.9,6.4,59.4,0.8,1.2,1.9,2015,Big 12
128,Kansas,12,46.1,22.3,33.5,66.4,293.7,2,47.1,267.2,5.7,3.1,80.6,560.8,7,11.6,12.3,1.8,28.5,4.4,38.4,0.8,0.8,1.5,2015,Big 12
1,Ole Miss,13,16,18.5,30.9,59.7,192.1,0.9,39.5,136.9,3.5,0.7,70.4,329,4.7,9.1,8.2,1.2,18.4,6,53.5,0.8,1.7,2.5,2014,SEC
2,Stanford,13,16.4,18.8,33.1,57,177.9,0.9,34.1,104.5,3.1,0.9,67.2,282.4,4.2,9,6.5,1.4,16.8,6.2,53.8,0.3,0.9,1.2,2014,Pac-12
3,Clemson,13,16.7,14.9,29.8,50,157.4,0.9,34.8,103.4,3,0.8,64.7,260.8,4,6.2,6.6,1.4,14.2,6.1,46.2,0.9,0.9,1.8,2014,ACC
4,LSU,13,17.5,15.3,29.6,51.7,164.2,0.8,35.4,152.7,4.3,1.2,65,316.8,4.9,6.8,7.7,1,15.5,4.4,39.2,0.8,0.8,1.5,2014,SEC
6,Alabama,14,18.4,19.1,35.2,54.4,226,1.4,32.3,102.4,3.2,0.4,67.5,328.4,4.9,10.1,5.8,0.9,16.7,4.4,36.9,0.6,0.8,1.4,2014,SEC
7,Penn State,13,18.6,16.5,31.2,53,178.2,0.8,34.1,100.5,2.9,1.1,65.3,278.7,4.3,7.4,6.1,1.2,14.6,6.9,60.6,0.4,1.2,1.6,2014,Big Ten
8,TCU,13,19,16.6,34.2,48.5,233,1.3,39.1,108.8,2.8,0.7,73.3,341.8,4.7,9.2,6.6,1,16.8,5.5,50,1.1,2,3.1,2014,Big 12
9,Arkansas,13,19.2,16.7,30.2,55.4,208.8,1.5,33,114.6,3.5,0.8,63.2,323.4,5.1,8.8,7.5,1,17.3,5.9,49.1,0.9,0.9,1.8,2014,SEC
14,Virginia Tech,13,20.2,14.1,29.5,47.7,199,1,37.2,144.8,3.9,1.2,66.8,343.8,5.1,8.1,7.3,1.2,16.6,7,59.1,0.8,0.9,1.7,2014,ACC
15,Houston,13,20.6,17.7,31.7,55.8,200.1,1.2,38.7,143.3,3.7,1.4,70.4,343.4,4.9,8.8,8.8,1.5,19.1,8,75.5,0.8,1.5,2.3,2014,Big 12
16,Georgia,13,20.7,15.7,29.2,53.8,170.4,1,40.5,166.8,4.1,1.8,69.6,337.2,4.8,7.7,10.2,1.5,19.4,5.2,45.2,1,1.2,2.2,2014,SEC
17,Wisconsin,14,20.8,12.1,24.8,49,168,1.1,35.1,126.1,3.6,1.4,59.9,294.1,4.9,6.6,6.6,1.4,14.7,5.9,46.1,0.8,0.4,1.2,2014,Big Ten
19,Florida,12,21.1,19,35.8,53.1,213.6,1.3,36.7,116.2,3.2,0.8,72.4,329.8,4.6,9.5,6.5,2,18,7.3,58.3,1.2,1.3,2.5,2014,SEC
20,Missouri,14,21.1,20.6,33.9,60.8,212.7,1.3,37.9,133.7,3.5,1.3,71.8,346.4,4.8,9.8,8.1,1.8,19.6,5.9,47.6,0.9,0.9,1.8,2014,SEC
21,Boston College,13,21.3,20.3,32.5,62.4,229.8,1.5,30.6,93.8,3.1,1.1,63.2,323.5,5.1,10.4,5.9,1,17.3,5.8,44.9,0.4,0.7,1.1,2014,ACC
22,Michigan State,13,21.5,18,34.2,52.7,227.3,1.3,27.9,88.5,3.2,1.4,62.1,315.8,5.1,8.6,5.2,1.5,15.3,5.6,44.7,1.2,1.4,2.6,2014,Big Ten
23,Mississippi State,13,21.7,20.3,38.8,52.3,272.8,1.3,36.3,151.5,4.2,1.3,75.2,424.4,5.6,11,8.8,0.8,20.6,4.4,36.6,0.5,1.2,1.8,2014,SEC
24,Duke,13,21.8,18.1,32.4,55.8,206.8,1.1,43.4,192.9,4.4,1.5,75.8,399.7,5.3,9.1,11.7,1.2,21.9,6.8,60.4,0.8,0.8,1.6,2014,ACC
25,Louisville,13,21.8,17,31.5,53.9,199.6,1.1,33.4,109.9,3.3,0.9,64.9,309.5,4.8,8.5,5.7,1.2,15.3,5,43.6,0.3,2,2.3,2014,ACC
26,Ohio State,15,22,18.4,33,55.8,201.1,1.1,35.8,141.3,3.9,1.6,68.8,342.4,5,9,8,1.9,18.9,5.3,45.7,0.5,1.7,2.2,2014,Big Ten
27,Michigan,12,22.4,17.1,28.6,59.8,193.7,1.2,36.7,117.7,3.2,1.1,65.3,311.3,4.8,8.4,7.3,0.8,16.6,6,56.7,0.4,0.4,0.8,2014,Big Ten
29,Kansas State,13,23.2,21,33.8,62.2,229,1.5,33.8,140.3,4.1,1.3,67.6,369.3,5.5,11.8,7.5,0.8,20.2,6.7,60.2,0.5,1.2,1.6,2014,Big 12
31,Oregon,15,23.6,23.4,38.7,60.4,264.3,1.4,39.1,165.4,4.2,1.5,77.9,429.7,5.5,12.6,8.8,1.9,23.3,6.1,53.9,1.4,0.9,2.3,2014,Pac-12
32,Texas,13,23.8,19,32.2,58.9,184.2,1,42.2,164.3,3.9,1.3,74.5,348.5,4.7,8.6,9.4,1.3,19.3,5.5,50.4,0.5,1.2,1.7,2014,Big 12
33,Virginia,12,24.1,18.2,32.9,55.2,232.5,1.6,35.9,120.7,3.4,0.9,68.8,353.2,5.1,9.8,6.9,2.1,18.8,7.3,59.3,1.2,1.3,2.4,2014,ACC
35,Minnesota,13,24.2,17.9,31.2,57.4,193.5,1.5,36.6,174.7,4.8,1.4,67.8,368.2,5.4,9,8.7,1.8,19.5,4.5,39.1,1.2,1.2,2.3,2014,Big Ten
36,Tennessee,13,24.2,15.5,29,53.3,196.2,1.2,39.6,168.4,4.3,1.8,68.6,364.6,5.3,8.5,9.2,1.1,18.8,6,47.7,0.6,1.2,1.8,2014,SEC
37,Miami (FL),13,24.3,17.6,30.5,57.7,192.2,1.1,38.3,137.5,3.6,1.6,68.8,329.6,4.8,8.4,8.5,2.2,19.2,5.5,49.7,1,0.8,1.8,2014,ACC
38,Syracuse,12,24.3,18.8,28.8,65.2,209.9,1.6,41.1,139.3,3.4,0.8,69.8,349.2,5,10,8.3,1.7,20,6.6,56,1,0.7,1.7,2014,ACC
42,Washington,14,24.8,24.5,38.5,63.6,286.6,1.9,37.8,124.1,3.3,1,76.3,410.6,5.4,13.4,7.2,1.9,22.6,6.1,52.7,1.1,0.9,2.1,2014,Pac-12
43,Utah,13,24.9,20.5,34.6,59.3,246.6,1.8,39,146.8,3.8,0.9,73.6,393.5,5.3,9.9,8.7,2.2,20.8,5.8,50.9,0.7,0.9,1.6,2014,Pac-12
47,Northwestern,12,25.2,18.3,33.1,55.4,214.3,1.4,40.1,169.9,4.2,1.5,73.2,384.3,5.3,9.7,9.3,1.5,20.4,5.6,49.7,1,1.3,2.3,2014,Big Ten
48,USC,13,25.2,24.8,42.2,58.8,274.5,1.5,34.9,133.5,3.8,1.5,77.1,408,5.3,12.4,7.7,3.2,23.2,6.2,54.8,0.7,1.1,1.8,2014,Pac-12
49,Baylor,13,25.5,19.2,35.1,54.6,264.2,1.8,37.3,117.7,3.2,1.3,72.4,381.8,5.3,9.8,6.5,3.3,19.7,6.8,66.6,1,1,2,2014,Big 12
50,Florida State,14,25.6,17.7,31.1,57,226.8,1.6,40.9,170.1,4.2,1.5,72,396.9,5.5,9.4,10.4,1.3,21.1,5.5,48.9,0.9,1,1.9,2014,ACC
51,Iowa,13,25.6,14.5,27.1,53.7,175.9,1.4,38.1,168.3,4.4,1.5,65.2,344.2,5.3,7.8,8.2,0.9,16.8,6.4,59.6,0.2,1,1.2,2014,Big Ten
53,Georgia Tech,14,25.7,20.1,32,62.9,243.7,1.4,33.1,167.6,5.1,1.7,65.1,411.3,6.3,11.4,8.9,1,21.4,5.4,44,0.8,1.3,2.1,2014,ACC
55,Oklahoma,13,25.9,22.1,39.2,56.3,276.2,1.8,35.2,106.4,3,1.2,74.5,382.6,5.1,11.9,6.6,1.8,20.3,5.9,47.2,0.5,0.9,1.5,2014,Big 12
60,Nebraska,13,26.4,16.5,33.9,48.5,205.8,1.2,37.5,177.8,4.7,1.9,71.5,383.7,5.4,9.1,8.7,1.2,18.9,6,52.3,0.8,1,1.8,2014,Big Ten
62,Wake Forest,12,26.4,17.6,29,60.6,186.6,1,41.8,182.7,4.4,1.7,70.8,369.3,5.2,7.8,9.5,1.9,19.3,5.7,45.2,1.1,0.5,1.6,2014,ACC
63,Auburn,13,26.7,18.7,32.4,57.7,230.1,1.7,37.9,168.8,4.5,1.7,70.3,398.8,5.7,10.1,9.2,2.8,22.1,4.3,35.5,0.4,1.7,2.1,2014,SEC
66,North Carolina State,13,27,17.4,31.2,55.8,204.7,1.5,40.1,168.4,4.2,1.6,71.2,373.1,5.2,8.9,10.6,1.2,20.7,5.2,45.8,0.8,0.8,1.5,2014,ACC
69,Cincinnati,13,27.2,21.2,34.9,60.8,255.4,1.7,38.5,183.7,4.8,1.4,73.5,439.1,6,10.9,10.2,1,22.1,5.9,57.4,1.2,0.6,1.8,2014,Big 12
74,West Virginia,13,27.6,18.5,35,53,231.2,1.4,38.6,168.2,4.4,1.5,73.6,399.4,5.4,10.4,7.6,1.8,19.8,8.3,82.5,0.2,0.9,1.1,2014,Big 12
76,Arizona State,13,27.9,20.7,34.8,59.4,259.7,1.7,39.3,157.4,4,1.3,74.2,417.1,5.6,11.2,7.7,1.2,20.1,7,61.2,1,1.1,2.1,2014,Pac-12
77,Texas A&M,13,28.1,18.6,33.2,56.1,234.8,1.5,43.2,216,5,1.8,76.3,450.8,5.9,10.7,10.7,1.8,23.2,5.9,48,0.6,0.4,1,2014,SEC
78,UCLA,13,28.1,23.5,38.2,61.6,250.6,1.7,38.8,147.9,3.8,1.5,77.1,398.5,5.2,11.6,8.5,2.5,22.7,5.7,51.1,0.4,0.8,1.2,2014,Pac-12
80,Arizona,14,28.2,24.9,38.1,65.4,281.2,2,41.4,169.9,4.1,1.4,79.6,451.1,5.7,13.4,8.6,2.1,24.1,8.9,77.6,0.9,0.9,1.9,2014,Pac-12
89,Maryland,13,30.2,19.5,35.1,55.5,234.3,1.5,44.9,201.9,4.5,1.8,80,436.2,5.5,10.1,10.6,1.7,22.4,6.3,52.8,1,0.7,1.7,2014,Big Ten
90,Rutgers,13,30.2,18.5,30.9,60,230.5,1.4,38.4,212.3,5.5,2.5,69.3,442.8,6.4,9.5,10.5,1.3,21.1,6.3,55.5,0.8,0.5,1.4,2014,Big Ten
91,South Carolina,13,30.4,18.6,30,62.1,220.5,1.2,39.5,212.2,5.4,2.2,69.5,432.7,6.2,10.6,10.2,1.6,22.5,6.2,56.6,0.6,0.8,1.5,2014,SEC
94,Oklahoma State,13,31.2,21.2,34.8,60.7,269.2,1.8,39.8,162.8,4.1,1.8,74.6,432,5.8,11.2,9,1.8,22,6.8,62.7,0.2,0.9,1.1,2014,Big 12
95,Kentucky,12,31.3,18.1,31.4,57.6,215.8,1.8,42.6,191.2,4.5,1.7,74,406.9,5.5,10.4,10.6,1.5,22.5,4.8,41.6,0.7,1.3,1.9,2014,SEC
98,Oregon State,12,31.6,21.3,36.3,58.9,248.1,1.7,34.3,158.3,4.6,2,70.6,406.3,5.8,11.1,8.3,2.6,22,7.2,66.2,0.6,0.9,1.5,2014,Pac-12
99,Purdue,12,31.7,18.3,32.3,56.8,221.9,1.5,42.3,194.1,4.6,2.3,74.5,416,5.6,10.8,10,1.5,22.3,4.3,37.4,0.8,0.8,1.6,2014,Big Ten
102,Indiana,12,32.8,22.6,36.7,61.6,251.1,2,37.5,182.7,4.9,1.8,74.2,433.8,5.8,11.3,9.2,1.9,22.3,4.7,41.2,0.3,1.1,1.4,2014,Big Ten
106,Kansas,12,33.3,19.4,33.3,58.4,243.5,1.8,38.8,209.7,5.4,1.8,72.1,453.2,6.3,10.3,9.7,2,21.9,5.9,50.8,1,0.8,1.8,2014,Big 12
107,Vanderbilt,12,33.3,17.9,28.8,62.1,218.3,1.6,41.5,183.8,4.4,1.9,70.3,402.1,5.7,10,10.4,1.6,21.9,6.4,51.3,0.6,0.5,1.1,2014,SEC
109,Illinois,13,34,16.5,28.5,57.8,217.2,1.5,47.5,239.2,5,2.4,75.9,456.4,6,9,11.8,1.8,22.5,5.4,45.8,0.9,0.5,1.5,2014,Big Ten
117,Washington State,12,38.6,23,35.8,64.3,296.6,2.8,35.8,145.7,4.1,1.5,71.6,442.3,6.2,11.7,7.3,2.3,21.3,7.9,69.9,0.4,0.3,0.7,2014,Pac-12
118,Iowa State,12,38.8,23.3,37.6,62.1,282.7,1.7,43.3,246,5.7,2.9,80.9,528.7,6.5,12.5,13,1.8,27.3,6.6,55,0.5,0.8,1.3,2014,Big 12
119,Colorado,12,39,20.3,33.9,59.7,255.4,2.9,36.4,204.8,5.6,1.8,70.3,460.2,6.5,10.8,9,2.7,22.4,7.2,68.8,0.7,0.3,0.9,2014,Pac-12
120,North Carolina,13,39,17.7,30.2,58.7,257.4,2.4,46.1,240.5,5.2,2.5,76.2,497.8,6.5,10.7,12,2,24.7,6.2,49.7,0.8,0.9,1.8,2014,ACC
123,California,12,39.8,29.7,45.3,65.6,366.7,3.5,36.3,145.1,4,1.6,81.6,511.8,6.3,16.9,7.9,2.8,27.7,8,79.5,0.4,1,1.4,2014,Pac-12
127,Texas Tech,12,41.3,19,32.2,59.1,253.2,2.3,49.9,260.3,5.2,3,82.1,513.4,6.3,10.8,13.7,2.6,27.1,5.8,53.8,0.8,0.5,1.3,2014,Big 12
