Rk,School,G,Pts,Pass_Cmp,Pass_Att,Pass_Pct,Pass_yds,Pass_TD,Rush_Att,Rush_Yds,Rush_Avg,Rush_TD,Total_Plays,Total_O_Yds,Avg_Total_O,Pass_First_D,Rush_First_D,First_D_Penalties,First_D_Tot,No_penalties_per_game,Penalty_Yds,Fum,Int,Tot_Turnovers,Year,Conference
1,Miami (FL),11,44.7,26,38.2,68.1,360.2,3.3,33,181.3,5.5,2.3,71.2,541.5,7.6,15.5,10.3,1.7,27.5,6.5,67.5,0.5,0.6,1.1,2024,ACC
2,Indiana,11,41.3,18.5,26.9,68.6,257.5,2.3,38.2,168.2,4.4,3.1,65.1,425.7,6.5,11.6,10.1,1.8,23.5,4.7,43.6,0.3,0.5,0.7,2024,Big Ten
7,Washington State,11,38.8,19.6,30.4,64.7,276.7,2.6,36.9,177.8,4.8,2.4,67.3,454.5,6.8,11.6,9.7,2.2,23.5,6.4,59.3,0.4,0.5,0.9,2024,Pac-12
9,Ole Miss,11,38.5,23,33.9,67.8,361.8,2.4,37.8,170.8,4.5,2.3,71.7,532.6,7.4,13.5,9.9,1.5,24.9,7.6,77.4,0.5,0.5,1.1,2024,SEC
10,Ohio State,11,37.8,20.3,28.3,71.7,261.5,2.5,34.5,177.5,5.2,2.2,62.7,439.1,7,11.3,9.2,0.6,21.1,4.5,42,0.5,0.5,1,2024,Big Ten
11,Clemson,11,37.6,23.4,37.5,62.4,274.6,2.7,35,195.3,5.6,1.9,72.5,469.9,6.5,12.1,10.8,2.1,25,5.5,53.4,0.2,0.5,0.6,2024,ACC
12,Tennessee,11,37.4,18.5,28.8,64.4,228.5,1.5,45.3,227.5,5,2.9,74.1,456.1,6.2,10.9,11.2,1.5,23.5,7.8,65.2,0.6,0.5,1.2,2024,SEC
13,Texas Tech,11,37.4,26.2,41.8,62.6,292.5,2.5,36.7,157.5,4.3,1.8,78.5,450,5.7,13.1,9.4,1.6,24.1,8,68.4,0.9,0.7,1.6,2024,Big 12
15,Texas,11,36.5,23,34,67.6,279.7,2.9,36.5,169.6,4.7,1.8,70.5,449.4,6.4,11.8,9,1.4,22.2,6.3,52.6,0.8,0.7,1.5,2024,SEC
17,Alabama,11,36.2,17.5,27,64.6,238.6,1.5,36.8,181,4.9,3.4,63.8,419.6,6.6,9.7,9.8,1.5,21,7.8,72.5,0.5,0.8,1.3,2024,SEC
18,Louisville,11,36.2,22.4,34.9,64.1,285.5,2.1,31.1,167.5,5.4,2.1,66,453,6.9,12.1,8,1.5,21.6,6.7,52.6,0.4,0.5,0.9,2024,ACC
22,TCU,11,34.6,26.1,38.1,68.5,327.2,2.3,30.5,113.4,3.7,2.2,68.5,440.5,6.4,14,7.7,1.5,23.3,5.7,55.6,1,0.8,1.8,2024,Big 12
25,Oregon,11,33.9,24.1,32.7,73.6,281.4,2,35.5,166.3,4.7,2,68.3,447.6,6.6,12.6,9.1,1.5,23.3,5.6,44.9,0.4,0.5,0.9,2024,Pac-12
27,Baylor,11,33.7,18.2,30.1,60.4,240.2,2.3,37.1,179,4.8,1.9,67.2,419.2,6.2,10.8,8.9,1.7,21.5,6.6,65.5,0.5,0.8,1.3,2024,Big 12
29,Georgia,11,33.2,24.4,37.1,65.7,297,2.1,30.6,130.1,4.2,1.9,67.7,427.1,6.3,13.4,7.6,1.5,22.5,6.1,58.1,0.3,1.1,1.4,2024,SEC
32,Colorado,11,32.9,27.5,37.9,72.7,317.1,2.7,26.6,73.8,2.8,1.3,64.5,390.9,6.1,13.5,5.1,2.4,20.9,7.5,67.9,0.5,0.6,1.1,2024,Big 12
33,South Carolina,11,32.9,17,26,65.4,225.5,1.8,43.3,181.8,4.2,2.1,69.3,407.3,5.9,9.7,10.2,1.9,21.8,6.7,57.5,1,0.5,1.5,2024,SEC
35,North Carolina,11,32.5,18.2,31.3,58.1,230.2,1.3,40,189.2,4.7,2.3,71.3,419.4,5.9,10,10.1,2.3,22.4,7.3,62.1,0.5,0.7,1.3,2024,ACC
36,Texas A&M,11,32.5,15.8,26.9,58.8,208.7,1.5,42,208.4,5,2.4,68.9,417.1,6.1,9.9,10.3,1.6,21.8,7.6,66.3,0.3,0.7,1,2024,SEC
37,Penn State,11,32.4,19.4,26.8,72.2,253.2,2,37.1,192.5,5.2,2,63.9,445.6,7,12.2,9.9,1.2,23.3,4.9,44.1,0.3,0.5,0.8,2024,Big Ten
42,Syracuse,11,31.7,31.2,48,65,361.5,2.4,31.1,92.5,3,1.6,79.1,454,5.7,18,6.2,1.6,25.8,7.4,62.1,0.2,1.1,1.3,2024,ACC
45,Iowa State,11,31.4,20.1,33,60.9,269,1.6,37.3,162.5,4.4,2.1,70.3,431.5,6.1,12.2,8.2,2.2,22.5,4.1,28.8,0.3,0.8,1.1,2024,Big 12
46,Arkansas,11,31.1,20.3,32.5,62.3,272.8,1.3,37.6,185.1,4.9,2.6,70.2,457.9,6.5,12,11.4,1.3,24.6,6.6,60,1,0.8,1.8,2024,SEC
49,Kansas,11,30.8,14.9,25.7,58,202.3,1.4,39,211.5,5.4,2.5,64.7,413.7,6.4,9.1,11.2,1.5,21.8,4.7,40.8,0.4,0.9,1.3,2024,Big 12
50,Arizona State,11,30.5,16.1,26.5,60.8,212.4,1.6,42.1,187.2,4.4,2,68.5,399.5,5.8,9.5,10.9,1.9,22.3,6.5,51.1,0.3,0.5,0.7,2024,Big 12
51,Kansas State,11,30.5,17.7,29.5,60.2,212.1,1.7,35.3,210,6,1.6,64.7,422.1,6.5,9.2,10.5,1,20.6,5.3,43.8,0.4,0.8,1.2,2024,Big 12
52,West Virginia,11,29.7,15.3,26.5,57.7,194.6,1.5,41.6,197.5,4.7,2.1,68.1,392.1,5.8,8.8,11.1,2.2,22.1,4.1,31.5,0.3,1,1.3,2024,Big 12
54,Oklahoma State,11,29.6,23.2,37.7,61.4,279.1,1.9,29.7,115.5,3.9,1.7,67.5,394.6,5.9,12.9,6.7,1.7,21.4,4.6,40.2,0.4,1.4,1.7,2024,Big 12
55,Iowa,11,29.4,12.8,20.6,62.1,133.2,0.7,39.7,213.5,5.4,2.6,60.4,346.7,5.7,6.5,9.7,1.4,17.6,3.2,29.7,0.4,0.6,1,2024,Big Ten
56,USC,11,29.3,26,40.5,64.1,285.5,2,27.9,144.3,5.2,1.5,68.5,429.7,6.3,14,7.3,1.4,22.6,5.6,48.1,0.5,0.9,1.5,2024,Big Ten
57,Missouri,11,29.2,20.2,31.9,63.2,224.6,1.1,39.8,168.7,4.2,2,71.7,393.4,5.5,9.1,10.8,1.5,21.4,5.5,50.2,0.4,0.5,0.8,2024,SEC
59,Auburn,11,29,18.7,29.7,63,260.5,2.4,34.6,171.6,5,1.2,64.4,432.2,6.7,10.2,9.3,1.3,20.7,5.7,49.6,0.8,1,1.8,2024,SEC
60,Virginia Tech,11,29,16,27.3,58.7,187.2,1.3,38.4,185.7,4.8,2.2,65.6,372.9,5.7,8,9,2.2,19.2,6,49.2,0.7,0.7,1.5,2024,ACC
61,Boston College,11,28.8,14.6,23.7,61.7,185.2,2,42.4,180.4,4.3,1.8,66.1,365.5,5.5,8.2,9.4,1.8,19.4,4.5,41.4,0.7,0.6,1.4,2024,ACC
62,LSU,11,28.6,26.9,42.3,63.7,317.7,2.1,28.9,117.5,4.1,1.3,71.2,435.3,6.1,15.6,6.1,2.6,24.4,6.4,50.2,0.3,1,1.3,2024,SEC
63,North Carolina State,11,28.6,20.2,31.4,64.3,232,1.5,30.9,133.5,4.3,1.7,62.3,365.5,5.9,10.7,6.4,2.4,19.5,5.1,48.3,0.9,1,1.9,2024,ACC
67,Illinois,11,28.1,17.3,28.5,60.5,218.4,1.8,34.6,145.6,4.2,1.5,63.2,364,5.8,10.5,8.1,2.3,20.8,5.4,41.5,0.6,0.3,0.9,2024,Big Ten
68,California,11,27.9,24.5,36.3,67.4,276.1,1.5,33.1,118.5,3.6,1.5,69.4,394.5,5.7,12.9,6.7,1.7,21.4,7.6,61.3,0.3,0.5,0.8,2024,ACC
69,Georgia Tech,11,27.9,19.8,31.1,63.7,234.6,1.1,37.1,180.1,4.9,2.4,68.2,414.7,6.1,10.4,9.5,1,20.8,5,39.5,0.1,0.5,0.6,2024,ACC
71,Florida,11,27.6,15.6,25.9,60.4,226.9,1.4,34.5,148.8,4.3,2,60.4,375.7,6.2,9.1,8.1,1.5,18.7,5.5,48.8,0.5,1,1.5,2024,SEC
75,Duke,11,27.2,20.8,35.3,59,245.9,2.3,30.2,96.4,3.2,1,65.5,342.3,5.2,10.7,4.5,2.4,17.6,5.8,56.5,0.5,1,1.5,2024,ACC
76,Vanderbilt,11,27,14.4,24.1,59.6,187.1,1.5,36.9,142.1,3.8,1.4,61,329.2,5.4,8.5,8.1,1.6,18.3,5.2,49.8,0.3,0.3,0.5,2024,SEC
77,Mississippi State,11,26.9,17.9,30.5,58.8,234.5,1.6,35.4,146.9,4.2,1.6,65.8,381.5,5.8,10.2,8.1,2.5,20.7,6.9,61.5,0.8,0.5,1.4,2024,SEC
80,Rutgers,11,26.7,16.9,31,54.5,209.3,1.5,39.4,173.4,4.4,1.9,70.4,382.6,5.4,10.2,9.9,2.5,22.6,4.5,38.1,0.2,0.5,0.7,2024,Big Ten
83,Minnesota,11,26.5,21.5,32.3,66.5,223.7,1.5,29.9,104.8,3.5,1.5,62.2,328.5,5.3,11,6.8,2.3,20.1,4.8,38,0.5,0.5,0.9,2024,Big Ten
84,Wake Forest,11,26.5,20.5,34,60.4,243.1,1.5,36.5,132.4,3.6,1.5,70.5,375.5,5.3,11.5,7.5,2.9,21.9,5.1,46.7,0.6,1.2,1.8,2024,ACC
85,Cincinnati,11,26.3,21,32.7,64.2,243.5,1.6,35.2,181.5,5.2,1.5,67.9,424.9,6.3,12.1,8.5,1.5,22,5.5,46.2,0.8,0.5,1.4,2024,Big 12
90,Maryland,11,25.2,27.3,42.5,64.1,289.6,1.8,30.8,113.9,3.7,1.4,73.4,403.5,5.5,13.7,6.3,2.3,22.3,6.8,63.2,0.5,1,1.5,2024,Big Ten
91,Nebraska,11,25.1,22.1,33.7,65.5,231.5,1.1,33.8,129.4,3.8,1.7,67.5,360.9,5.3,10.4,8.5,3.1,22,6.5,56,0.4,1,1.4,2024,Big Ten
92,Oklahoma,11,25,17.5,27.9,62.5,172.8,1.3,40.4,153.8,3.8,1.4,68.3,326.6,4.8,7.6,8.7,2.1,18.5,5.5,49.2,1.3,0.5,1.7,2024,SEC
93,Oregon State,11,24.8,17.7,29.4,60.4,199.2,0.5,42.2,195.8,4.6,2.5,71.5,395,5.5,9.1,11.9,2.2,23.2,5,45.5,0.5,1,1.5,2024,Pac-12
96,Wisconsin,11,24,17.5,30.3,58,202.7,1.2,36.2,164.4,4.5,1.7,66.5,367.1,5.5,8.3,9.3,1.8,19.4,5.1,35.3,0.7,0.9,1.6,2024,Big Ten
105,Utah,11,23.2,16.9,30.7,55,207.5,1.7,33.7,134.5,4,0.6,64.5,342,5.3,8.8,7,1.3,17.1,5.2,44.1,0.5,1.5,2,2024,Big-12
106,Virginia,11,23.2,20.6,33.2,62.2,233.6,1.5,36.4,135.2,3.7,1.1,69.5,368.8,5.3,9.8,8.2,1.5,19.5,5,44.5,0.5,1.1,1.5,2024,ACC
107,Arizona,11,23.1,22.5,36.9,61.1,259,1.5,28,108.6,3.9,1,64.9,367.6,5.7,11.1,6.4,1.4,18.8,6.9,61.9,0.6,1.1,1.7,2024,Big 12
108,Michigan,11,23.1,15.5,25.2,61.4,140.1,1,35.7,159.6,4.5,1.5,60.9,299.7,4.9,6.9,8.9,0.9,16.7,4.1,39,0.6,0.9,1.5,2024,Big Ten
109,Washington,11,22.6,23.5,33.2,71,257,1.5,31.8,139.4,4.4,1.1,65,396.4,6.1,11.6,8.2,1.2,21,6.3,54.9,0.3,0.6,0.9,2024,Big Ten
111,Stanford,11,22.1,18,30,60,185.7,1.5,36.8,133.2,3.6,0.8,66.8,318.9,4.8,9.1,7.5,1.8,18.4,5,43,0.5,1.3,1.7,2024,ACC
113,Kentucky,11,21.2,14.3,26.2,54.5,185.9,1.2,37.3,144.7,3.9,1,63.5,330.6,5.2,8,9.6,2.4,20,6.5,52.3,0.4,1.3,1.6,2024,SEC
121,Michigan State,11,19.8,18.1,29.9,60.5,224.3,1.1,33.6,116.5,3.5,0.9,63.5,340.7,5.4,9.4,8.5,1.5,19.4,6.6,62.7,0.6,1,1.6,2024,Big Ten
124,UCLA,11,18.3,21.2,32.5,65.1,237.9,1.5,27.8,87.7,3.2,0.3,60.4,325.6,5.4,10.9,5.4,1.5,17.8,8.2,68.8,0.5,1,1.5,2024,Big Ten
129,Purdue,11,17.2,16.4,28,58.4,195.7,1.2,29.4,124.6,4.2,0.8,57.4,320.4,5.6,8.7,5.8,0.9,15.5,5.5,53.1,0.6,0.6,1.3,2024,Big Ten
130,Northwestern,11,16.9,16.5,30,54.8,172.9,0.5,29.6,97.2,3.3,1.1,59.6,270.1,4.5,7.3,6.4,1.3,14.9,5,40.8,0.5,0.7,1.3,2024,Big Ten
131,Florida State,11,15.8,14.9,29.7,50.2,184,1,30.4,89.1,2.9,0.6,60.1,273.1,4.5,8.5,5.2,1.1,14.7,6.1,52.3,0.4,1.2,1.5,2024,ACC
134,Houston,11,13.6,15.1,23.2,65.1,152.4,0.8,35.7,139.2,3.9,0.6,58.9,291.5,4.9,6.5,7,1.4,14.9,5.5,52.4,0.7,1.4,2.1,2024,Big 12
1,LSU,13,45.5,22,31.6,69.6,338.9,3.4,33.1,204.5,6.2,2.6,64.7,543.5,8.4,14,9.8,2,25.8,6.1,51.7,0.2,0.4,0.6,2023,SEC
2,Oregon,14,44.2,28.4,36.7,77.2,346.9,3.5,31.2,184.5,5.9,2.4,67.9,531.4,7.8,15.1,9.9,1.6,26.6,6.6,60.6,0.1,0.4,0.5,2023,Pac-12
3,USC,13,41.8,24.2,35.5,68.1,333,2.8,27.8,134.6,4.8,2.5,63.3,467.6,7.4,14.1,6.8,1.8,22.6,7.5,68.4,0.8,0.5,1.3,2023,Pac-12
4,Oklahoma,13,41.7,23.8,34.8,68.4,324.8,2.6,40.1,182.2,4.5,2.5,74.9,507,6.8,13.4,10,2.2,25.5,6.8,58.5,0.8,0.7,1.5,2023,Big 12
5,Georgia,14,40.1,23.4,32.6,71.8,305.3,2.1,35.8,191.2,5.3,2.9,68.4,496.5,7.3,13.8,10.6,1.6,25.9,4.4,43.3,0.5,0.5,1,2023,SEC
10,Kansas State,13,37.1,19.8,32.8,60.6,241.2,2.3,41,204.1,5,2.5,73.8,445.2,6,11.2,11,1.7,23.8,4.8,43.7,0.2,0.8,0.9,2023,Big 12
12,Penn State,13,36.2,18.9,31.8,59.6,215,2.3,39.6,184.8,4.7,2,71.4,399.8,5.6,10.3,10.5,1.7,22.5,5,43.3,0.5,0.2,0.6,2023,Big Ten
13,Washington,15,36,25.1,38.3,65.5,343.7,2.5,27.4,118.4,4.3,1.9,65.7,462.1,7,14.5,6.5,2.3,23.3,7.5,68.6,0.5,0.8,1.3,2023,Pac-12
14,Michigan,15,35.9,17.3,24.1,72,213.7,1.6,37.5,169.1,4.5,2.7,61.6,382.7,6.2,10.6,8.1,1.2,19.9,3,27.5,0.2,0.3,0.5,2023,Big Ten
15,Texas,14,35.8,22.6,33.9,66.7,289.1,1.8,37.6,188.4,5,2.1,71.6,477.5,6.7,12.9,9.1,1.1,23.1,6.6,52.2,0.6,0.6,1.3,2023,Big 12
16,Ole Miss,13,35.1,19.7,30.3,65,285.6,2,41.2,176.3,4.3,2.2,71.5,461.9,6.5,11.8,10.2,1.4,23.5,7.2,59.1,0.1,0.5,0.5,2023,SEC
17,Kansas,13,34.8,15.4,23.9,64.3,240.1,1.8,38.4,206,5.4,2.5,62.3,446.1,7.2,10.3,9.4,1.8,21.5,5.6,56.9,0.5,0.8,1.3,2023,Big 12
18,Arizona,13,34.6,25.5,35.7,71.6,308.3,2.8,30.6,139.7,4.6,1.3,66.3,448,6.8,13.3,8.2,1.7,23.2,6.3,53,0.2,0.8,1.1,2023,Pac-12
19,Florida State,14,34.6,18.6,30.9,60,251.4,1.8,33.1,150.2,4.5,2.3,64,401.6,6.3,10.8,6.9,1.9,19.6,6.1,56.6,0.4,0.3,0.6,2023,ACC
20,North Carolina,13,34.5,22.5,35.4,63.5,299.2,2,38.3,192.1,5,2.2,73.7,491.2,6.7,12,10.6,2,24.6,7.2,66.3,0.5,0.8,1.3,2023,ACC
24,Alabama,14,34,14.9,23.2,64,220.4,1.6,40.1,172.6,4.3,2.3,63.3,393.1,6.2,8.9,9.9,1.3,20,5.6,46.8,0.4,0.4,0.8,2023,SEC
25,Texas A&M,13,33.3,21.1,32.8,64.3,270.8,1.8,35.1,136.2,3.9,1.8,67.8,406.9,6,11.5,8.5,2.2,22.2,5.9,45.5,0.4,0.8,1.2,2023,SEC
29,Missouri,13,32.5,19.1,29.1,65.6,262.3,1.8,38.2,172,4.5,1.9,67.2,434.3,6.5,10.8,9.5,1.6,21.8,7.2,54.5,0.2,0.5,0.7,2023,SEC
35,Oregon State,13,31.8,17.1,29.2,58.4,242.2,2,34.2,167.1,4.9,2,63.5,409.2,6.4,11,9.4,1.1,21.5,5.6,50.4,0.4,0.6,1,2023,Pac-12
37,Tennessee,13,31.8,20.2,31.5,63.9,243.2,1.7,37.6,204.8,5.4,1.8,69.2,448.1,6.5,10.3,10.8,0.8,21.8,7.8,67.9,0.5,0.4,0.9,2023,SEC
38,Washington State,12,31.7,28.3,42.5,66.7,336.8,2.3,28.5,84.8,3,1.4,71,421.7,5.9,14.1,6.5,1.9,22.5,6.1,49.7,1,0.8,1.8,2023,Pac-12
39,Miami (FL),13,31.5,21.8,33.5,64.9,258,1.8,33.8,173.2,5.1,1.8,67.4,431.2,6.4,11.5,8.6,1.8,22,6.1,57.8,0.6,1.1,1.7,2023,ACC
40,West Virginia,13,31.5,13.7,25.5,53.8,205.7,1.4,43.5,228.9,5.3,2.5,68.9,434.6,6.3,7.8,12.2,2.2,22.3,5.2,46.4,0.5,0.5,1.1,2023,Big 12
41,TCU,12,31.3,26.6,41.9,63.4,312.2,2.3,33.8,154.5,4.6,1.6,75.8,466.7,6.2,15,9,1.1,25.1,6.2,53.6,0.3,1.3,1.6,2023,Big 12
43,Georgia Tech,13,31.1,17.8,29.2,60.9,220.8,2.1,37.8,203.8,5.4,1.8,67,424.6,6.3,9.5,11,1.8,22.3,5.2,44.8,0.3,1.3,1.6,2023,ACC
44,Louisville,14,30.7,19,29.1,65.2,236.6,1.6,38.1,178.5,4.7,2.2,67.2,415.1,6.2,10.1,9.1,1.6,20.9,5.6,48.6,0.5,0.9,1.4,2023,ACC
46,Ohio State,13,30.5,19.6,30.8,63.8,269.1,2,33.2,138.8,4.2,1.5,63.9,407.9,6.4,12.4,7,1.8,21.2,5.7,44.5,0.5,0.5,1,2023,Big Ten
48,California,13,30.2,19.8,33.4,59.4,218.2,1.7,38.2,172.8,4.5,2,71.6,390.9,5.5,10.2,8.7,2.6,21.5,5.6,45.2,0.9,1.2,2.2,2023,Pac-12
52,Clemson,13,29.8,23.2,36.5,63.7,228.4,1.5,40.3,174.3,4.3,1.8,76.8,402.7,5.2,11.4,10.3,1.7,23.4,4.9,42.6,1,0.7,1.7,2023,ACC
53,Maryland,13,29.7,23.6,36.7,64.4,278.9,2.1,29.3,108.4,3.7,1.5,66,387.3,5.9,12,7.2,1.8,21,5.5,56.5,0.6,1,1.6,2023,Big Ten
54,Oklahoma State,14,29.6,24.6,40.7,60.4,276.5,1.3,32.1,155.3,4.8,2.1,72.8,431.8,5.9,13.3,7,1.4,21.6,5,41.4,0.4,1.1,1.5,2023,Big 12
57,Virginia Tech,13,29.5,15.8,27.5,57.4,201.7,1.8,38.3,189.8,5,1.5,65.8,391.5,6,8.4,10.1,1.4,19.8,6.3,57.8,0.8,0.4,1.2,2023,ACC
58,Kentucky,13,29.1,16.2,28.8,56.3,211.6,1.9,26.1,127.8,4.9,1.4,54.9,339.5,6.2,9.4,5.7,1.9,17,6.1,50.8,0.6,0.9,1.5,2023,SEC
59,Florida,12,28.4,23.5,32.5,72.3,259.3,1.7,35.1,149.8,4.3,1.8,67.6,409.1,6.1,11.9,8.1,1.7,21.7,6.6,49.6,0.6,0.4,1,2023,SEC
60,Colorado,12,28.2,26.9,39.5,68.1,294.7,2.4,29.8,68.9,2.3,1,69.3,363.6,5.2,12.8,5.8,2.6,21.2,8.9,71.2,0.6,0.3,0.9,2023,Pac-12
64,Texas Tech,13,27.4,21.8,36.2,60.4,224,1.8,36.5,162.7,4.5,1.3,72.6,386.7,5.3,10.4,10,1.6,22,5.5,49.9,0.4,1.4,1.8,2023,Big 12
68,Duke,13,26.9,15.4,27.5,56,180.8,1.1,34.5,167.2,4.9,2,61.9,348.1,5.6,9,7.5,2.2,18.8,5.6,44.8,0.5,0.6,1.2,2023,ACC
69,Arkansas,12,26.6,17.3,26.9,64.1,187.5,1.8,39.3,139,3.5,0.8,66.3,326.5,4.9,8.1,7.9,1.3,17.3,6.3,55.4,0.8,0.7,1.5,2023,SEC
70,UCLA,13,26.5,18.3,31.5,58,229.2,1.8,40.5,197.9,4.9,1.6,72.1,427.1,5.9,10.2,10,1.3,21.5,7.1,58.1,0.6,1.1,1.7,2023,Pac-12
72,Auburn,13,26.2,14.5,24.4,59.6,162.2,1.4,39.5,189,4.8,1.7,63.8,351.2,5.5,6.8,10.1,1.7,18.5,5.5,43.8,0.5,1,1.5,2023,SEC
74,Iowa State,13,26.2,18.5,29.3,63.3,245,1.8,29.4,119.9,4.1,1.2,58.7,364.9,6.2,10.2,5.2,0.9,16.3,4.8,43.8,0.2,0.6,0.8,2023,Big 12
75,North Carolina State,13,26.2,17.2,29.2,59.1,193.9,1.5,36.8,156.5,4.3,1.5,65.9,350.4,5.3,8.9,7.9,1.7,18.5,5.8,46.3,0.2,0.9,1.2,2023,ACC
77,South Carolina,12,26,23.6,34.3,68.7,278,1.8,30.8,85.1,2.8,1.4,65.1,363.1,5.6,11.6,5.2,1.3,18.1,7.2,55.5,0.4,0.7,1.1,2023,SEC
82,Boston College,13,24.8,15.7,27.8,56.5,182.5,1.2,42.1,198.8,4.7,1.9,69.8,381.2,5.5,7.5,12.4,1.6,21.5,6.5,55.2,0.4,1.1,1.5,2023,ACC
83,Illinois,12,24.5,21.8,34.6,62.9,264.6,1.9,33,126.4,3.8,1,67.6,391,5.8,12.3,6.4,1.7,20.4,6.6,62.4,0.8,1.1,1.9,2023,Big Ten
86,Cincinnati,12,24.1,18.2,30,60.6,209,1.8,43.1,217.1,5,1.2,73.1,426.1,5.8,9.8,11.5,0.9,22.3,5.7,52.6,0.5,0.9,1.4,2023,Big 12
87,Purdue,12,23.9,19.5,32.7,59.7,211.2,1.3,38.5,169.1,4.4,1.7,71.2,380.3,5.3,9.8,8.9,1.8,20.5,6,56.3,0.7,0.8,1.5,2023,Big Ten
90,Houston,12,23.7,21.8,34,64,241.5,2,29.9,118.7,4,0.8,63.9,360.2,5.6,10.7,7,1.5,19.2,5.7,49.2,0.2,1.1,1.3,2023,Big 12
92,Syracuse,13,23.5,14.8,24.3,60.8,171,1.3,40.7,172.3,4.2,1.5,65,343.3,5.3,7.2,8.8,1.8,17.9,7.3,61.6,0.7,1.2,1.8,2023,ACC
93,Wisconsin,13,23.5,21.6,36.1,59.9,220.2,1.1,34.9,161,4.6,1.7,71,381.2,5.4,10.2,8.7,1.2,20.1,5.6,48.1,0.9,0.4,1.3,2023,Big Ten
95,Virginia,12,23.3,20.7,33,62.6,250.8,1.6,37.8,117.9,3.1,1,70.8,368.8,5.2,10.6,8.4,2,21,6.5,55.3,0.5,1.2,1.7,2023,ACC
98,Rutgers,13,23.2,10.9,22.6,48.3,137.5,0.8,39.8,168.7,4.2,1.8,62.4,306.2,4.9,6.5,9.7,1.3,17.5,5.1,45.2,0.4,0.6,1,2023,Big Ten
100,Utah,13,23.2,14.5,25.2,57.6,165.8,1.2,43.2,182.5,4.2,1.5,68.5,348.4,5.1,7.2,10.2,1.5,18.8,5,41.6,0.2,0.8,1,2023,Pac-12
101,Baylor,12,23.1,21.9,36.8,59.5,263,1.3,34.4,114.8,3.3,1.1,71.3,377.8,5.3,11.6,7.3,1,19.8,4.1,28.9,0.7,0.6,1.3,2023,Big 12
104,Vanderbilt,12,22.8,18.1,32.5,55.6,223.7,1.9,29.1,95.3,3.3,0.8,61.6,318.9,5.2,9,5.8,2.3,17,4.9,42.5,0.6,1,1.6,2023,SEC
105,Indiana,12,22.2,17.9,30.6,58.6,212.8,1.5,36.1,120.1,3.3,1.1,66.7,332.8,5,10.2,7.4,2.2,19.8,5.4,50.6,0.7,0.8,1.5,2023,Big Ten
106,Northwestern,13,22.1,18.5,29.9,62,202,1.5,35.2,101.9,2.9,1.1,65.2,303.9,4.7,8.9,6.5,1.5,16.9,5.3,42.6,0.1,0.6,0.7,2023,Big Ten
107,Mississippi State,12,21.8,16.8,29,57.8,181.8,1.3,33.4,146.8,4.4,1,62.4,328.6,5.3,8.8,6.6,1.2,16.6,6.3,56.8,0.3,0.8,1.2,2023,SEC
111,Minnesota,13,20.9,12.6,24,52.6,143.4,1.2,38.8,157.5,4.1,1,62.8,300.9,4.8,6.9,9.5,1.8,18.2,3,27.1,0.5,0.8,1.3,2023,Big Ten
112,Stanford,12,20.6,19.4,35.4,54.8,233,0.9,34.4,118.6,3.4,1.3,69.8,351.6,5,10.1,6.8,2.7,19.6,6.4,59.1,0.4,0.8,1.3,2023,Pac-12
115,Wake Forest,12,20.3,16.2,26.8,60.4,197.3,1.2,39,130.4,3.3,1.1,65.8,327.8,5,8.8,8.8,2.4,20,4.1,38.8,0.9,0.9,1.8,2023,ACC
123,Nebraska,12,18,11.3,21.8,52.1,135.9,0.8,39.8,176.8,4.4,1.3,61.6,312.8,5.1,5.5,9.5,1.5,16.5,5.1,42.8,1.3,1.3,2.6,2023,Big Ten
124,Arizona State,12,17.8,20.3,36.7,55.2,210.3,0.7,31.2,111.9,3.6,1.4,67.8,322.3,4.8,9.2,7.5,2.1,18.8,5.7,51.4,0.5,1.2,1.7,2023,Pac-12
131,Michigan State,12,15.9,18.4,31.6,58.3,199.8,1.2,30.8,89.5,2.9,0.6,62.4,289.3,4.6,8.6,6.2,1.8,16.6,7,60.7,0.8,1.1,1.8,2023,Big Ten
132,Iowa,14,15.4,12.1,24.9,48.9,118.6,0.6,34.7,115.9,3.3,0.8,59.6,234.6,3.9,5.4,5.9,1.6,12.9,3.6,30.9,0.8,0.8,1.6,2023,Big Ten
1,Tennessee,13,46.1,22.3,32.5,68.7,326.1,2.9,40.2,199.5,5,3.1,72.7,525.5,7.2,11.9,10.3,3.2,25.4,8.1,69.6,0.6,0.2,0.8,2022,SEC
2,Ohio State,13,44.2,21.1,31.5,66.8,298.3,3.2,35.8,192.4,5.4,2.3,67.4,490.7,7.3,13.2,8.7,2,23.8,5.6,48,0.3,0.5,0.8,2022,Big Ten
3,USC,14,41.4,24.6,36.8,67,335.4,3.1,33.8,171.1,5.1,2.1,70.6,506.6,7.2,13.9,9.9,1.9,25.6,6.3,58,0.1,0.4,0.5,2022,Pac-12
4,Alabama,13,41.1,21.5,33.7,63.9,281.5,2.8,35.2,195.5,5.6,2,68.9,477.1,6.9,12.6,9.3,1.9,23.8,7.9,68.7,0.6,0.6,1.2,2022,SEC
5,Georgia,15,41.1,22.4,32.9,68.2,295.9,2.1,37.1,205.3,5.5,2.9,70,501.2,7.2,13.8,9.9,1.3,25.1,4.4,44.9,0.7,0.5,1.2,2022,SEC
6,Michigan,14,40.4,17,26.4,64.3,219.9,1.7,42.9,238.9,5.6,2.9,69.3,458.8,6.6,9.3,12.6,1.4,23.3,4.1,32,0.3,0.4,0.7,2022,Big Ten
7,Washington,13,39.7,28.7,44.2,64.9,369.8,2.5,30.8,146,4.7,2.5,75,515.8,6.9,17.1,8.7,1.5,27.2,6.8,60.5,0.2,0.7,0.8,2022,Pac-12
8,UCLA,13,39.2,22.5,32.3,69.5,266.4,2.2,39.5,237.2,6,2.8,71.8,503.6,7,12.2,12.2,1.4,25.7,6.5,52.5,0.7,0.9,1.6,2022,Pac-12
9,Oregon,13,38.8,23.7,33.2,71.3,284.8,2.3,39.1,215.8,5.5,2.6,72.3,500.5,6.9,12.2,12.7,1.6,26.5,6.8,57.2,0.2,0.7,0.9,2022,Pac-12
10,TCU,15,38.8,19.5,30.3,64.3,261.7,2.2,37.7,193.3,5.1,2.5,68,455,6.7,10.3,9.4,1.5,21.1,4.8,49.6,0.5,0.5,1.1,2022,Big 12
11,Utah,14,38.6,20.6,31.9,64.6,249.2,2.2,40,217.6,5.4,2.7,71.9,466.9,6.5,11.1,12.5,2.4,26.1,4.5,40.2,0.6,0.7,1.3,2022,Pac-12
16,Florida State,13,36.1,19.2,30.4,63,270.2,2.2,39.2,214.1,5.5,2.5,69.5,484.2,7,11,11.2,2,24.2,6.7,59.1,0.5,0.5,1.1,2022,ACC
17,Houston,13,36.1,25.9,38.5,67.4,314,3.1,30.9,141.8,4.6,1.3,69.4,455.8,6.6,14.9,7.2,1.4,23.5,7.9,70.4,0.7,0.8,1.5,2022,Big 12
18,Wake Forest,13,36.1,23.2,36.4,63.8,311.9,3.3,38.8,130.5,3.4,1.3,75.2,442.4,5.9,14.8,8.2,2.4,25.4,4.8,40.2,0.5,1,1.5,2022,ACC
20,Penn State,13,35.8,20.8,32.5,64,252.5,2.2,37.6,181.1,4.8,2.2,70.1,433.6,6.2,11.8,7.9,1.7,21.4,5.3,48.3,0.6,0.5,1.2,2022,Big Ten
21,Kansas,13,35.6,18.6,28.5,65.2,254.4,2.5,34.3,184.2,5.4,2.2,62.8,438.6,7,11.3,7.8,1.4,20.5,5.3,46.5,0.8,0.6,1.5,2022,Big 12
24,LSU,14,34.5,23,34.3,67.1,269.3,1.6,36.9,183.9,5,2.8,71.2,453.1,6.4,12.6,9.9,2.1,24.7,6.1,54.3,0.8,0.5,1.3,2022,SEC
25,Texas,13,34.5,19.1,31.2,61.2,241.4,1.7,36.2,188.2,5.2,2.2,67.3,429.5,6.4,11.3,9.5,2.1,22.9,6.1,47.3,0.4,0.5,0.9,2022,Big 12
26,North Carolina,14,34.4,24.6,37.6,65.4,309.3,2.7,36.3,153.5,4.2,1.7,73.9,462.8,6.3,13.9,8.9,1.9,24.7,6.1,55.3,0.5,0.5,1,2022,ACC
27,Texas Tech,13,34.2,26.8,43.8,61.2,302.5,2,40.4,158.9,3.9,2.2,84.2,461.4,5.5,13.9,10.5,2.2,26.5,5.7,44.3,0.5,1.4,1.9,2022,Big 12
29,Ole Miss,13,33.5,18.4,29.8,61.8,239.8,1.7,47.2,256.6,5.4,2.5,77,496.4,6.4,9.8,13.5,1.9,25.2,6.8,63.5,0.7,0.9,1.6,2022,SEC
30,Clemson,14,33.2,21.3,34.3,62.1,232.4,1.7,39,177.9,4.6,2.2,73.3,410.3,5.6,10.4,10.2,2.4,22.9,5.4,48.2,0.9,0.7,1.6,2022,ACC
32,Duke,13,32.8,19.6,30.8,63.8,231.5,1.5,37.2,184.2,4.9,2.4,68,415.7,6.1,9.8,9.8,2.1,21.8,5.2,50.5,0.3,0.5,0.8,2022,ACC
33,Oklahoma,13,32.8,19.3,31.3,61.7,254.6,2.1,44.7,219.4,4.9,2.2,76,474,6.2,10.6,11.9,1.3,23.8,5.7,50.2,0.5,0.6,1.2,2022,Big 12
35,Arkansas,13,32.5,17.8,27.5,64.7,233.8,2,46.5,236.7,5.1,2.1,74,470.5,6.4,9.7,12.8,1.4,23.9,6.4,55.5,0.8,0.5,1.4,2022,SEC
37,Kansas State,14,32.3,17.3,27.8,62.2,210.5,1.5,40.6,208.3,5.1,2.3,68.4,418.8,6.1,9.4,9.5,1.1,20.1,5.3,42.9,0.4,0.4,0.9,2022,Big 12
38,Baylor,13,32.2,19,30.2,63,231.5,1.5,41.2,182.4,4.4,2.6,71.3,413.8,5.8,10.6,10.3,1.8,22.8,4.8,41.1,0.5,0.8,1.3,2022,Big 12
39,Oregon State,13,32.2,15.5,24.8,62.4,199.5,1.2,40.3,196.5,4.9,2.8,65.1,396,6.1,9.5,11.3,1.6,22.4,6,54.7,0.4,1,1.4,2022,Pac-12
40,South Carolina,13,32.2,21.6,32.4,66.7,260,1.8,31.6,118.8,3.8,2.1,64,378.8,5.9,9.7,7.3,2,19,6.9,63.8,1,1.1,2.1,2022,SEC
43,Mississippi State,13,31.6,32.9,48.8,67.5,311.2,2.8,22.7,81.7,3.6,0.9,71.5,392.9,5.5,15.2,5.4,2.2,22.8,6.3,60.8,0.8,0.7,1.5,2022,SEC
48,Arizona,12,30.8,23.6,38.3,61.7,318.4,2.2,29.3,143.5,4.9,1.6,67.6,461.9,6.8,14.2,8.2,1.8,24.2,5.4,50,0.7,1.1,1.8,2022,Pac-12
50,Oklahoma State,13,30.6,22.5,40.3,55.7,279.5,1.8,36.6,125.5,3.4,1.5,76.9,405.1,5.3,12.5,7.7,2.1,22.2,3.5,33.5,0.4,1.4,1.8,2022,Big 12
52,West Virginia,12,30.6,21.2,35.4,59.8,227.5,1.7,37.1,171.5,4.6,2,72.5,399,5.5,10.9,9.3,3.1,23.3,6.4,53,0.6,1,1.6,2022,Big 12
58,Florida,13,29.5,15.3,28.2,54.4,223.8,1.4,36.3,200.2,5.5,2.2,64.5,424.1,6.6,9.9,8.7,1.4,20,6.8,50.1,0.4,0.7,1.1,2022,SEC
59,Cincinnati,13,29.2,19.1,31.9,59.8,242.7,1.7,32.8,129.7,4,1.5,64.7,372.4,5.8,11.2,6.5,0.8,18.5,7.5,64.4,0.6,0.6,1.2,2022,Big 12
66,Maryland,13,28.2,22.6,34.3,65.9,260.2,1.6,36.1,141.3,3.9,1.8,70.4,401.5,5.7,11.5,7.2,1.5,20.2,7.8,71.1,0.5,0.6,1.2,2022,Big Ten
67,Minnesota,13,28.2,13.2,21.6,61.2,182.2,0.9,44.7,207.3,4.6,2.5,66.3,389.5,5.9,8.1,12.5,1.1,21.6,3.5,31.8,0.3,0.7,1,2022,Big Ten
70,Syracuse,13,27.7,17.5,28.5,61.6,231.9,1.5,34.2,142.5,4.2,1.6,62.6,374.4,6,10.7,7.8,1.8,20.3,8.5,63,0.3,0.7,1,2022,ACC
74,Louisville,13,26.9,16.8,28.3,59.2,205.5,1,39.8,200.6,5,1.9,68.2,406.2,6,9.6,8.9,1.8,20.3,6.9,66,0.9,0.9,1.8,2022,ACC
75,Purdue,14,26.6,26.4,41.6,63.3,278.8,1.9,33.3,121,3.6,1.2,74.9,399.8,5.3,12.7,7.9,2.4,23.1,5.4,53.6,0.4,1.2,1.6,2022,Big Ten
77,Wisconsin,13,26.3,14.5,25.1,57.7,183.8,1.6,38.5,179.8,4.7,1.6,63.6,363.6,5.7,8.5,7.9,1.6,18,6.2,57.8,0.5,0.8,1.4,2022,Big Ten
79,Arizona State,12,26.1,22.5,33.6,67,251.9,1.5,32.1,135.3,4.2,1.8,65.7,387.2,5.9,12.1,7.3,1.8,21.3,7.3,72.3,0.8,0.8,1.5,2022,Pac-12
80,Washington State,13,26.1,24.8,38.5,64.6,253.8,1.8,28.2,106.8,3.8,1.3,66.7,360.7,5.4,11.5,6.5,1.9,19.8,5.4,45.3,0.7,0.7,1.4,2022,Pac-12
86,Auburn,12,24.8,13.3,25.7,51.6,172.7,0.8,40.7,205.8,5.1,2.1,66.3,378.5,5.7,7.3,10,0.8,18.1,7.5,57.3,0.9,1,1.9,2022,SEC
88,Missouri,13,24.8,19.3,30.5,63.4,214.1,1.1,37.7,155.7,4.1,1.5,68.2,369.8,5.4,9.5,7.8,1.4,18.6,7.8,63.7,0.9,0.7,1.6,2022,SEC
89,Vanderbilt,12,24.6,16.7,28.8,57.8,187.3,1.8,37.1,159.9,4.3,1.1,65.9,347.3,5.3,7.8,7.8,1.9,17.5,5.3,46.1,0.8,0.5,1.3,2022,SEC
92,Michigan State,12,24.4,21.5,34.3,62.6,240,1.9,30.1,113,3.8,1.3,64.4,353,5.5,11.2,6.7,2.3,20.2,5.8,54.9,0.3,1,1.3,2022,Big Ten
94,North Carolina State,13,24.3,20.7,36.2,57.1,226.1,1.8,34,113.8,3.3,0.6,70.2,339.8,4.8,10.5,7.4,2.5,20.4,7.3,57.5,0.6,0.6,1.2,2022,ACC
95,Illinois,13,24.2,21.2,30.4,69.6,211.8,1.2,41.8,166.2,4,1.4,72.2,378,5.2,10.4,8.9,1.8,21.1,6.5,61.4,0.9,0.4,1.3,2022,Big Ten
96,California,12,23.9,24.3,38.8,62.4,268,1.9,26.6,96.6,3.6,0.8,65.4,364.6,5.6,11.6,5.7,2,19.3,5.3,44.6,0.3,0.8,1,2022,Pac-12
97,Miami (FL),12,23.6,21.3,34.4,61.7,239,1.5,34.4,127.9,3.7,1,68.8,366.9,5.3,10.9,8.3,2.1,21.3,7.1,60,1.1,1,2.1,2022,ACC
100,Indiana,12,23.3,21.8,40.3,54,217.4,1.3,33,110.8,3.4,1.3,73.3,328.3,4.5,9.8,6.8,2.7,19.2,5,45.3,0.4,1.1,1.5,2022,Big Ten
101,Texas A&M,12,22.8,18.3,32.6,56.3,219.4,1.5,30.5,141.5,4.6,1,63.1,360.9,5.7,9.2,7.8,2.5,19.5,6.3,49.1,0.9,0.5,1.4,2022,SEC
102,Nebraska,12,22.6,17.1,28.3,60.3,220.8,1.4,35,123.3,3.5,1.4,63.3,344.2,5.4,9.3,7,1.8,18.1,5.4,42.5,0.5,1.1,1.6,2022,Big Ten
109,Stanford,12,21.3,22.9,37.3,61.4,254.3,1.3,31.3,107.3,3.4,1.2,68.7,361.6,5.3,12.1,6.5,2.2,20.8,4.6,41.3,1.1,0.7,1.8,2022,Pac-12
112,Kentucky,13,20.4,17.2,26.8,64.2,208.5,1.6,35.6,116.2,3.3,0.7,62.5,324.7,5.2,8.9,6.9,1.8,17.6,5.7,39.5,0.5,1,1.5,2022,SEC
113,Iowa State,12,20.2,26.1,39.9,65.3,261.8,1.6,32.8,108,3.3,0.8,72.7,369.8,5.1,12.8,6.1,1.6,20.4,5.6,46.1,0.6,1.3,1.8,2022,Big 12
118,Virginia Tech,11,19.3,18.5,31.5,58.7,203.3,0.8,35.3,110.2,3.1,1.4,66.7,313.5,4.7,9,6.5,2,17.5,7.4,58.5,0.5,0.8,1.4,2022,ACC
122,Boston College,12,17.8,21.8,36.7,59.5,247.1,1.8,30.2,62.8,2.1,0.5,66.8,309.8,4.6,10.1,5.4,1.3,16.8,6,48.5,1,1.2,2.2,2022,ACC
123,Iowa,13,17.7,14.8,26.8,55,156.7,0.5,32.5,94.8,2.9,0.9,59.3,251.5,4.2,7.2,5.5,1.1,13.8,4.1,32.7,0.8,0.5,1.3,2022,Big Ten
124,Rutgers,12,17.4,14,27.7,50.6,153.9,0.9,35.8,127.8,3.6,0.9,63.5,281.7,4.4,6.9,7.2,0.8,14.8,7.8,64.2,0.5,1.2,1.7,2022,Big Ten
125,Georgia Tech,12,17.2,18.3,31.8,57.5,192.2,0.8,35.5,132.7,3.7,1.1,67.3,324.8,4.8,8.9,7.2,1.6,17.7,5.8,51.9,0.3,0.8,1.1,2022,ACC
126,Virginia,10,17,18.5,34.1,54.3,221,0.7,32.9,123.1,3.7,1.3,67,344.1,5.1,9.2,7.4,2.5,19.1,7,62.2,1,1.2,2.2,2022,ACC
127,Colorado,12,15.4,14.9,30,49.7,172.9,0.8,32.3,108.3,3.4,0.9,62.3,281.3,4.5,7.2,7.2,1.6,15.9,5.3,48.3,1,0.8,1.8,2022,Pac-12
128,Northwestern,12,13.8,20.4,34.8,58.8,210.3,0.8,39.1,125.1,3.2,0.9,73.8,335.4,4.5,9.5,7.8,1.7,19,4.6,40.8,1.2,1.4,2.6,2022,Big Ten
1,Ohio State,13,45.7,26.8,38,70.6,380.9,3.5,32.3,180.8,5.6,1.8,70.3,561.7,8,16.5,9,1.2,26.8,6.5,59.2,0.2,0.6,0.8,2021,Big Ten
4,Wake Forest,14,41,21.6,37.1,58.2,307.4,2.8,40.4,160.6,4,2.2,77.4,467.9,6,13.8,8.3,3.2,25.3,5.8,52.7,0.4,1.1,1.4,2021,ACC
6,Alabama,15,39.9,25.3,38.1,66.5,338.2,3.2,36.5,150.1,4.1,1.4,74.5,488.3,6.6,14.3,8.7,1.5,24.4,7.1,65.9,0.5,0.5,0.9,2021,SEC
7,Tennessee,13,39.3,18.7,28.9,64.6,257.1,2.5,44.3,218.2,4.9,2.3,73.2,475.3,6.5,9.6,12.5,2.2,24.3,6.8,60.6,0.8,0.2,1,2021,SEC
8,Oklahoma,13,39.1,21.5,31,69.2,263.5,2.5,34.2,188,5.5,2.2,65.2,451.5,6.9,12.2,8.5,1.7,22.5,6.7,56.1,0.3,0.7,1,2021,Big 12
9,Georgia,15,38.6,17.6,27.1,64.9,251.9,2.6,36.1,191.2,5.3,1.9,63.2,443.1,7,10.9,10,1.8,22.7,5.1,43.2,0.3,0.8,1.1,2021,SEC
11,Cincinnati,14,36.9,18.4,28.6,64.3,241.2,2.1,32.9,172.9,5.3,2.4,61.4,414.1,6.7,10.1,8.7,1,19.8,7.3,54.2,0.7,0.6,1.4,2021,Big 12
13,UCLA,12,36.5,17.3,27.8,62,226.2,1.9,42.2,220.1,5.2,2.6,70,446.3,6.4,9.8,12.2,1.6,23.5,7.2,68.3,0.4,0.7,1.1,2021,Pac-12
14,Utah,14,36.1,18.1,28.6,63.3,214.3,1.7,38.7,217.1,5.6,2.6,67.4,431.4,6.4,10.5,11.1,2.6,24.2,4.8,44.5,0.5,0.6,1.1,2021,Pac-12
15,Houston,14,35.9,21.9,32.7,67,271.4,2.3,36.5,143.4,3.9,1.9,69.2,414.9,6,13.1,7.1,1.6,21.8,6.4,61.1,0.1,0.9,1,2021,Big 12
16,Michigan,14,35.8,17.7,28.2,62.8,228.7,1.5,41.1,214.4,5.2,2.8,69.3,443.1,6.4,8.6,11.7,1.5,21.9,4.9,41.5,0.4,0.6,1,2021,Big Ten
18,Texas,12,35.3,18.1,28.8,62.7,225.4,2.4,37.8,199.4,5.3,2.1,66.7,424.8,6.4,9.5,9.8,1.1,20.3,5.8,48.3,0.6,0.8,1.4,2021,Big 12
19,North Carolina,13,35.2,18.2,29.2,62.4,255.7,2,39.5,212.7,5.4,2.3,68.7,468.4,6.8,10.1,11.6,2.2,23.9,7.3,69.2,0.4,0.7,1.1,2021,ACC
21,Virginia,12,34.6,29.2,46.1,63.3,392.6,2.6,28.2,123.3,4.4,1.8,74.3,515.9,6.9,17.8,6.9,1.9,26.6,6.4,56.8,0.5,1,1.5,2021,ACC
23,Miami (FL),12,34.1,24.6,38.7,63.6,321.2,2.5,34.3,128.8,3.8,1.7,72.9,449.9,6.2,13.1,7.9,3.5,24.5,7.3,63.6,0.6,0.8,1.4,2021,ACC
24,Ole Miss,13,33.7,22,33,66.7,274.8,1.6,45.2,218,4.8,2.5,78.2,492.8,6.3,12,12.5,1.6,26.1,9.1,75.6,0.3,0.5,0.8,2021,SEC
29,North Carolina State,12,33.1,24,36.9,65,288.4,2.9,30.9,126.6,4.1,0.9,67.8,415,6.1,12.9,6.6,1.9,21.4,7.4,64.5,0.3,0.5,0.8,2021,ACC
36,Kentucky,13,32.3,18.6,28.2,66.1,225.6,1.8,37.8,199.8,5.3,2.1,65.9,425.4,6.5,10.5,10.8,1.5,22.8,4.8,42.2,0.8,1,1.8,2021,SEC
39,Michigan State,13,31.8,18.7,30.8,60.8,253.1,2.1,36.7,176.5,4.8,1.8,67.5,429.6,6.4,10.5,8.5,1.8,20.8,6.9,63.9,0.5,0.8,1.3,2021,Big Ten
40,Baylor,14,31.6,16.9,26.1,64.9,203.1,1.7,40.1,220.4,5.5,2.1,66.2,423.5,6.4,8.6,11.1,1,20.7,5.4,48.4,0.6,0.5,1.1,2021,Big 12
41,Louisville,13,31.6,17,27.9,60.9,236.5,1.6,38.8,210.2,5.4,2.2,66.7,446.7,6.7,10.3,9.2,1.5,21.1,6.2,55.3,0.5,0.5,1,2021,ACC
42,Oregon,14,31.4,18.5,29.3,63.2,221.3,1.5,38.2,202.4,5.3,2.5,67.5,423.6,6.3,9.6,11.6,1.6,22.9,7.4,64.6,0.4,0.6,1,2021,Pac-12
43,Iowa State,13,31.3,24.1,34.3,70.2,263.8,1.7,31.5,160.8,5.1,1.9,65.8,424.7,6.5,12.6,7.2,1.7,21.5,4.8,38.6,0.4,0.7,1.1,2021,Big 12
44,Oregon State,13,31.2,16.8,26.7,62.8,216.9,1.5,40.1,214.3,5.3,2.5,66.8,431.2,6.5,9,12.7,1.5,23.2,6.8,63.1,0.5,0.9,1.4,2021,Pac-12
46,Oklahoma State,14,31.1,19.6,32,61.2,231.9,1.6,44.2,185.9,4.2,1.9,76.2,417.7,5.5,11.2,10.1,2.5,23.8,6,55.8,0.6,0.9,1.5,2021,Big 12
48,Arkansas,13,30.9,15.8,24.2,65.3,213.9,1.7,44.7,229.4,5.1,2,68.8,443.3,6.4,8,12.5,1.4,21.8,8,63.5,0.4,0.4,0.8,2021,SEC
49,Florida,13,30.7,20.4,32,63.7,254.2,2,37.8,209.9,5.5,1.9,69.8,464.1,6.6,11.4,9.6,1.2,22.2,8.1,71,0.2,1.4,1.6,2021,SEC
50,Texas Tech,13,30.3,18.9,29.9,63.2,257.2,1.4,33.5,159.2,4.8,2.3,63.4,416.5,6.6,10,8.2,1.4,19.6,5.2,44.6,0.7,0.8,1.5,2021,Big 12
57,Maryland,13,29.3,26.1,37.6,69.3,304.6,2.1,33.2,137.3,4.1,1.5,70.8,441.9,6.2,12.6,9.4,1.3,23.3,6.8,57.2,0.5,0.9,1.4,2021,Big Ten
58,Texas A&M,12,29.3,17.3,30.8,56.4,208.6,1.6,34.3,183.8,5.4,1.4,65.1,392.4,6,9.9,9.8,1.3,21,6.4,55.1,0.3,1.1,1.3,2021,SEC
60,Mississippi State,13,29.1,39.8,54.2,73.6,378.3,2.8,20.8,63.2,3,0.8,74.9,441.5,5.9,18.2,5.4,2.2,25.7,7.5,57.2,0.7,0.7,1.4,2021,SEC
61,Missouri,13,29.1,23.2,34.9,66.3,233.5,1.4,35.6,180.3,5.1,1.6,70.5,413.8,5.9,10.7,9.1,1.9,21.7,6.4,59.2,0.2,0.8,1,2021,SEC
62,Purdue,13,29.1,31.3,44.3,70.7,355.4,2.7,29.7,84.8,2.9,0.5,74,440.2,5.9,17.1,5.1,1.9,24,4.5,42.8,0.5,0.9,1.5,2021,Big Ten
65,TCU,12,28.7,16.7,25.8,64.5,239.6,1.6,39.1,197,5,1.8,64.9,436.6,6.7,9.9,9.6,1.6,21.1,7.1,61.4,0.8,0.5,1.3,2021,Big 12
66,USC,12,28.7,26.5,41.7,63.6,298.3,1.8,33.3,145.9,4.4,1.3,74.9,444.3,5.9,13.8,9.4,2.5,25.8,8,75,0.6,1.1,1.7,2021,Pac-12
67,Arizona State,13,28.4,15.8,24.1,65.8,194.7,0.9,37.3,194.9,5.2,2.6,61.4,389.6,6.3,8.2,10.8,1.1,20,8.7,78.1,0.9,0.8,1.7,2021,Pac-12
68,Auburn,13,28.3,20.5,34.8,58.9,240.1,1.3,33.8,162.4,4.8,1.7,68.7,402.5,5.9,10.9,8.5,1.5,20.9,5.7,46.4,0.6,0.3,0.9,2021,SEC
71,Nebraska,12,27.9,17.9,28.5,62.9,266.4,1.2,40.8,181.2,4.4,2.6,69.3,447.6,6.5,11.2,9.1,1.4,21.7,5.3,45,0.6,0.9,1.5,2021,Big Ten
72,Washington State,13,27.8,21.6,34.8,62.2,257.3,2,30.8,121.8,4,1.5,65.6,379.2,5.8,11.1,7.5,1.5,20.2,5.3,46.2,0.4,1,1.4,2021,Pac-12
73,Florida State,12,27.6,17.4,28.3,61.5,201.6,1.7,37.2,177.8,4.8,1.8,65.5,379.4,5.8,9.2,9.1,2.5,20.7,6.9,62.5,0.8,1,1.8,2021,ACC
76,Kansas State,13,27.5,15.7,23.9,65.6,199.2,1.1,33.5,162.5,4.9,2.2,57.4,361.7,6.3,8.3,8.6,1.1,18,5.4,45.5,0.5,0.5,1.1,2021,Big 12
80,LSU,13,26.5,20.2,34.1,59.1,254.5,2.5,34.2,114.5,3.4,0.7,68.2,368.9,5.4,10.8,7,1.6,19.4,4.3,34.3,0.4,0.8,1.2,2021,SEC
82,Clemson,13,26.3,17.5,31.8,55.2,191.2,0.9,37.2,169.6,4.6,2,69,360.8,5.2,9,8.8,2,19.8,6.1,50.5,0.6,0.8,1.5,2021,ACC
83,Minnesota,13,25.5,11.7,19.8,59.1,162,0.9,45.8,199.3,4.3,2.1,65.6,361.3,5.5,7.2,11.2,1.5,20,4.5,45.3,0.3,0.7,1,2021,Big Ten
85,Wisconsin,13,25.4,13.6,23.1,59,160.2,0.8,43.3,211.1,4.9,2,66.4,371.2,5.6,8,10.5,1.5,20.1,5.4,43.6,0.8,1,1.8,2021,Big Ten
88,West Virginia,13,25.2,22.3,34.3,65,247.9,1.5,34.7,123.2,3.5,1.5,69,371.1,5.4,11.4,8.3,1.7,21.4,5.2,43.2,0.6,0.9,1.5,2021,Big 12
90,Penn State,13,25,22.4,37.4,59.9,268.5,1.9,33.6,107.8,3.2,0.8,71,376.4,5.3,12.2,7,1.2,20.3,5.4,46.6,0.4,0.8,1.2,2021,Big Ten
92,Syracuse,12,24.9,13,23.9,54.4,153,0.8,40.8,214.3,5.3,2.3,64.7,367.3,5.7,6.8,11.1,1.8,19.6,7,57.7,0.5,0.5,1,2021,ACC
93,Boston College,12,24.7,14.1,25.3,55.6,184.8,1.1,39.2,166.9,4.3,1.8,64.5,351.7,5.5,7.3,10.1,1.9,19.3,5.3,49.3,0.5,0.9,1.4,2021,ACC
95,Georgia Tech,12,24,17.1,28.5,59.9,197.9,1.5,36.9,169.3,4.6,1.3,65.4,367.2,5.6,8.7,8.5,1.8,18.8,6.1,51.2,0.4,0.8,1.3,2021,ACC
96,California,12,23.8,19.6,31.8,61.7,221.6,1.3,33.3,164.4,4.9,1.4,65.1,386,5.9,9.3,8.4,1.3,19,6.3,58.7,0.2,0.7,0.8,2021,Pac-12
98,Virginia Tech,13,23.7,13.3,24.3,54.7,176.4,1.3,40.9,185.3,4.5,1.2,65.2,361.7,5.5,7.7,9.5,1.5,18.8,5.4,45.9,0.5,0.4,0.9,2021,ACC
99,Iowa,14,23.4,15.9,28.9,55,180.1,0.9,36.1,123.8,3.4,1.3,65,303.9,4.7,8.8,6.1,1.7,16.6,4.1,36.1,0.6,0.8,1.4,2021,Big Ten
102,Duke,12,22.8,22.1,34.2,64.6,237.9,0.8,43.4,181.2,4.2,1.8,77.6,419.1,5.4,10.9,9.3,1.7,21.8,6.5,61.7,1,0.8,1.8,2021,ACC
106,South Carolina,13,22.6,16.2,27.7,58.6,201.2,1.7,35.8,137.2,3.8,0.7,63.5,338.3,5.3,8.1,8,1.7,17.8,5.8,45.9,1,0.8,1.8,2021,SEC
108,Washington,12,21.5,20.3,34.1,59.4,225,1.3,30.7,100.6,3.3,1.3,64.8,325.6,5,9.6,6.6,1.8,17.9,4.3,39.9,0.6,1.3,1.9,2021,Pac-12
111,Kansas,12,20.8,16.3,26.4,61.5,184.8,1.3,36.1,141.4,3.9,1.3,62.5,326.3,5.2,8.3,7.1,0.9,16.3,4.1,33.7,0.3,0.8,1.1,2021,Big 12
113,Stanford,12,20.4,19.9,31,64.2,215.2,1.3,27.1,87.3,3.2,1.1,58.1,302.4,5.2,9.8,4.8,2.3,16.8,6.2,43.3,0.6,1,1.6,2021,Pac-12
116,Illinois,12,20.2,13.8,26.8,51.2,156.2,1.1,38.8,173.8,4.5,1,65.7,330,5,7.3,8.5,1.8,17.6,5,52.8,0.5,0.5,1,2021,Big Ten
120,Rutgers,13,19.7,17.8,30.3,58.6,172.2,0.7,38.4,138.6,3.6,1.5,68.7,310.8,4.5,6.9,9.3,1.2,17.5,5,40.7,0.3,0.8,1.1,2021,Big Ten
121,Colorado,12,18.8,12.8,22.4,57.2,131.3,0.8,36.5,126.2,3.5,1,58.9,257.4,4.4,5.2,7.6,1.7,14.4,6.3,56.4,0.3,0.3,0.6,2021,Pac-12
123,Indiana,12,17.3,16.6,32.5,51,175.5,0.8,35.3,116.3,3.3,1.1,67.8,291.8,4.3,8.1,7.3,1.9,17.3,4.7,41.3,0.6,1.3,1.8,2021,Big Ten
124,Arizona,12,17.2,22.3,36.9,60.5,226.3,1,35.2,131,3.7,0.5,72.1,357.3,5,9.9,8.1,2.7,20.7,8.8,70.4,0.4,1.5,1.9,2021,Pac-12
125,Northwestern,12,16.6,17.3,30.4,57,177.3,1.1,37.6,145.1,3.9,1,68,322.4,4.7,7.1,9.2,1.1,17.3,4.7,41.9,0.7,1.2,1.8,2021,Big Ten
128,Vanderbilt,12,15.8,18.8,34.1,55.3,189.3,1.1,35.3,123.5,3.5,0.7,69.3,312.8,4.5,8.7,7,1.9,17.6,5.5,44,0.4,1.2,1.6,2021,SEC
2,Alabama,13,48.5,24.9,32.7,76.2,358.2,3.2,36.6,183.6,5,2.8,69.3,541.8,7.8,16.2,10.2,1.8,28.1,6,48.1,0.6,0.3,0.9,2020,SEC
4,Clemson,12,43.5,27.2,40.8,66.5,348.5,2.6,34.3,153.8,4.5,2.8,75.1,502.3,6.7,14.6,8.3,1.7,24.6,5.4,48.2,0.8,0.5,1.3,2020,ACC
6,Oklahoma,11,43,22.6,32.9,68.8,315,2.7,38.1,179.7,4.7,2.5,71,494.7,7,14.2,8.7,2,24.9,7.2,65.7,0.5,0.7,1.3,2020,Big 12
7,Texas,10,42.7,20.8,34.5,60.3,280.1,3.2,37,195.3,5.3,2,71.5,475.4,6.6,11.3,9,2.1,22.4,8.2,78.5,0.4,0.5,0.9,2020,Big 12
9,North Carolina,12,41.7,20.3,29.8,68.3,301.4,2.6,41,235.8,5.8,2.9,70.8,537.3,7.6,12.5,11.9,2,26.4,7.1,67.8,0.4,0.7,1.1,2020,ACC
11,Ohio State,8,41,19.8,28.1,70.2,262.5,2.8,43.1,256.9,6,2.4,71.3,519.4,7.3,11.4,11,2.5,24.9,6.1,54.4,0.4,0.8,1.1,2020,Big Ten
12,Arizona State,4,40.3,12.8,21.8,58.6,194.3,1.3,41.3,264.3,6.4,4,63,458.5,7.3,7.5,10.8,2,20.3,7,54.5,1,0.3,1.3,2020,Pac-12
13,Florida,12,39.8,26.8,39.4,67.9,378.6,3.8,30.6,131.3,4.3,1,70,509.8,7.3,16.8,7.3,2.3,26.3,5.3,45.2,0.8,0.8,1.6,2020,SEC
14,Ole Miss,10,39.2,23.8,33.5,71,344.9,3,46.2,211,4.6,2.3,79.7,555.9,7,13.7,12.2,1.7,27.6,6,51.6,0.4,1.4,1.8,2020,SEC
17,Cincinnati,10,37.5,19.7,29.5,66.8,238.6,2,38.1,212.4,5.6,2.9,67.6,451,6.7,11.2,9.7,1,21.9,8.8,76.8,1,0.6,1.6,2020,Big 12
19,Wake Forest,9,36,19.4,34.4,56.5,281.4,1.6,42.2,163.1,3.9,2.4,76.7,444.6,5.8,12.1,9.1,2.1,23.3,5.3,44.6,0.2,0.6,0.8,2020,ACC
20,UCLA,7,35.4,18.6,28.6,65,224.4,2.6,45.4,231.3,5.1,1.9,74,455.7,6.2,9.7,12.9,2,24.6,6.9,53.4,1,0.9,1.9,2020,Pac-12
26,Miami (FL),11,34,21.7,34.6,62.7,277.3,2.4,38.1,163,4.3,1.6,72.7,440.3,6.1,11.5,9,2.5,22.9,7.8,70.5,0.5,0.5,1.1,2020,ACC
32,USC,6,33.3,29.7,44.2,67.2,319.3,2.8,30.7,97.3,3.2,1.3,74.8,416.7,5.6,14.7,6.2,1.7,22.5,6.7,71,0.7,1.2,1.8,2020,Pac-12
35,Iowa State,12,32.9,20.8,31.1,66.8,241.3,1.7,37.9,195,5.1,2.6,69,436.3,6.3,11.3,10.1,1.6,22.9,5.1,42.6,0.4,0.8,1.2,2020,Big 12
37,Texas A&M,10,32.6,19,30.2,62.9,234.1,2,37.5,205.2,5.5,2.1,67.7,439.3,6.5,10.6,11.3,1.6,23.4,6.2,57.9,0.4,0.4,0.8,2020,SEC
38,Georgia,10,32.3,17.8,30.6,58.2,249.9,1.9,37.7,174.2,4.6,1.8,68.3,424.1,6.2,10,9.8,1.1,20.9,5.5,52.8,0.4,1.1,1.5,2020,SEC
39,LSU,10,32,24.7,42.1,58.7,312.2,2.4,36.5,121.7,3.3,0.9,78.6,433.9,5.5,14.5,7.7,1.2,23.4,6.1,46.2,0.4,0.9,1.3,2020,SEC
40,Iowa,8,31.8,17.6,31,56.9,197.6,1.1,37,171,4.6,2.3,68,368.6,5.4,10.3,8.5,1.1,19.9,4.8,39.6,0.5,0.6,1.1,2020,Big Ten
42,Oregon,7,31.3,17.3,27.3,63.4,246.1,2.1,33.9,166.7,4.9,1.9,61.1,412.9,6.8,10.9,9.1,1.6,21.6,5.9,50.9,1.4,0.9,2.3,2020,Pac-12
43,Virginia Tech,11,31.1,14.4,23.2,62,200.6,1.2,43,240.1,5.6,2.5,66.2,440.7,6.7,8.5,12.2,1.7,22.4,5.3,47,0.7,0.5,1.3,2020,ACC
46,TCU,10,30.8,16.4,27.3,60.1,196.3,1.1,41.1,216.1,5.3,2.3,68.4,412.4,6,7.5,10.2,1.9,19.6,7.7,63.3,0.9,0.5,1.4,2020,Big 12
47,Virginia,10,30.7,22.1,37.9,58.3,260.6,2.2,36.6,162.7,4.4,1.6,74.5,423.3,5.7,11.6,9.5,2.5,23.6,5.2,45.8,0.5,1.4,1.9,2020,ACC
48,North Carolina State,12,30.3,21,33.4,62.8,262.8,2,35.9,123.3,3.4,1.7,69.3,386.2,5.6,12.2,7.5,2.6,22.3,8,74.3,0.3,1.3,1.6,2020,ACC
49,Washington,4,30.3,17,27.8,61.3,226.5,1,39,176.3,4.5,2.8,66.8,402.8,6,10,10.3,1.5,21.8,5.3,40.5,0,0.8,0.8,2020,Pac-12
51,Oklahoma State,11,30.2,18.8,31,60.7,239.5,1.6,46,188,4.1,1.5,77,427.5,5.6,10.5,10.4,2.7,23.6,6.6,53.9,0.5,0.9,1.5,2020,Big 12
52,Utah,5,30.2,19,31.2,60.9,215.8,1.2,38.2,194,5.1,1.8,69.4,409.8,5.9,9.8,9.6,1,20.4,5.2,47.6,1.2,1.4,2.6,2020,Pac-12
53,Houston,8,30,21.9,37.1,58.9,265.8,1.9,36.6,143.1,3.9,1.5,73.8,408.9,5.5,12.9,8.6,1.4,22.9,7.6,68.3,0.8,1.3,2,2020,Big 12
54,Penn State,9,29.8,20.6,34.1,60.3,256,1.9,44.7,174.3,3.9,1.7,78.8,430.3,5.5,12.1,11,1.7,24.8,4.3,37.2,0.9,1,1.9,2020,Big Ten
55,Louisville,11,29.5,18.4,28.5,64.3,244.2,1.8,38.2,200,5.2,1.9,66.7,444.2,6.7,10.3,10.3,2,20.8,6.2,52,1.1,1.1,2.2,2020,ACC
56,Stanford,6,29.3,24.2,37,65.3,287.3,1.2,32.8,133.2,4.1,2.5,69.8,420.5,6,13.7,6.3,1.8,21.8,5.7,51.7,0.3,0.5,0.8,2020,Pac-12
57,Texas Tech,10,29.1,25.9,39.8,65.1,266.7,1.8,33.6,163.4,4.9,1.7,73.4,430.1,5.9,11.8,8.2,1.4,21.4,6.7,57.7,0.8,1.1,1.9,2020,Big 12
59,Indiana,8,28.9,21,36.5,57.5,250.9,2,34,111.8,3.3,1.5,70.5,362.6,5.1,10.8,7,2.5,20.3,4.3,44.8,0.9,0.6,1.5,2020,Big Ten
60,Oregon State,7,28.9,19.1,33.3,57.5,211.3,1.6,36.9,197.6,5.4,2.1,70.1,408.9,5.8,10.7,10,1.4,22.1,6,50.6,0.4,0.7,1.1,2020,Pac-12
63,Colorado,6,28.5,16.3,29.7,55.1,201.5,1,46,212.3,4.6,2.5,75.7,413.8,5.5,8.8,9.2,2,20,5.7,56.3,0.7,1.2,1.8,2020,Pac-12
66,Michigan,6,28.3,20.5,35.5,57.7,250.3,1.5,28.7,131,4.6,2,64.2,381.3,5.9,11.8,6,1.5,19.3,5.8,57.5,0.3,0.7,1,2020,Big Ten
68,Boston College,11,27.8,22,35.5,62.1,284.2,2.1,32.8,101.7,3.1,1,68.3,385.9,5.7,12.1,7.5,2.2,21.8,7.5,65.9,0.5,0.7,1.3,2020,ACC
71,Minnesota,7,27.3,15.3,26.3,58.2,199.1,1,42.6,191.9,4.5,2.7,68.9,391,5.7,9.4,10.1,2,21.6,4.6,41.9,0.3,0.7,1,2020,Big Ten
73,Purdue,6,27.2,29.3,43.5,67.4,309,2.5,24.5,82.2,3.4,0.7,68,391.2,5.8,14.5,6,2.3,22.8,7,59.8,0.5,0.7,1.2,2020,Big Ten
76,Washington State,4,27,23.5,38,61.8,254.8,1.5,27.5,129.3,4.7,2,65.5,384,5.9,11.8,6,1.8,19.5,5.3,46.8,1,1,2,2020,Pac-12
79,Missouri,10,26.7,24.6,36.3,67.8,266.8,0.9,35.1,135.2,3.9,2.1,71.4,402,5.6,13,7.5,1.8,22.3,5.8,49.8,0.8,0.6,1.4,2020,SEC
80,Rutgers,9,26.7,22,35.1,62.7,198.8,1.6,37.6,142.4,3.8,1.4,72.7,341.2,4.7,9.2,7.8,2,19,7.4,60.6,0.6,1,1.6,2020,Big Ten
81,Kansas State,10,26.6,13.7,24.7,55.5,185.7,1.2,35.3,151.9,4.3,1.7,60,337.6,5.6,6.7,7.2,1.6,15.5,6.4,54.9,0.5,1,1.5,2020,Big 12
83,West Virginia,10,26.5,25.3,40.1,63.1,277.5,1.6,35.8,135.1,3.8,1.5,75.9,412.6,5.4,12.5,7.4,2,21.9,8.2,74.1,0.7,0.4,1.1,2020,Big 12
86,Florida State,9,25.8,17.7,32.4,54.5,196.8,1.1,38.8,202,5.2,2.1,71.2,398.8,5.6,8.6,11.8,2.2,20.6,8.9,77.8,0.4,1.4,1.9,2020,ACC
87,Arkansas,10,25.7,18.3,28.4,64.4,240.2,2,39.4,151.3,3.8,1.1,67.8,391.5,5.8,10,8.8,1.9,20.7,6.4,45.7,0.7,0.6,1.3,2020,SEC
89,Auburn,11,25.1,19.6,32.9,59.7,220.3,1.1,35.6,162.5,4.6,1.5,68.5,382.8,5.6,9.5,10,1.2,20.6,5.8,49.8,0.2,0.6,0.8,2020,SEC
90,Wisconsin,7,25.1,17.7,28.9,61.4,181,1.4,41.9,164.6,3.9,1.9,70.7,345.6,4.9,8,10,1.6,19.6,5.1,42.3,0.7,1,1.7,2020,Big Ten
91,Duke,11,24.8,20,35.5,56.3,222.6,1,39.8,157.1,3.9,1.7,75.4,379.7,5,10.8,8.5,2.4,21.6,5.6,50.4,1.8,1.7,3.5,2020,ACC
93,Northwestern,9,24.7,19.3,31.6,61.3,197.9,1.3,43.7,163,3.7,1.8,75.2,360.9,4.8,10.8,7.9,1.7,20.3,5,40.4,0.8,0.9,1.7,2020,Big Ten
96,Georgia Tech,10,23.9,15.2,28.3,53.7,199.1,1.4,40.8,190.8,4.7,1.8,69.1,389.9,5.6,8.5,9.9,1.5,19.9,8.9,74.9,1.2,1.3,2.5,2020,ACC
98,Maryland,5,23.6,19.6,31.8,61.6,264,1.8,30.2,145,4.8,1,62,409,6.6,10.6,7.2,0.6,18.4,8.8,79.6,0.4,1.8,2.2,2020,Big Ten
99,South Carolina,10,23.5,17.5,29.5,59.3,187.2,0.8,36.9,167.9,4.6,2.1,66.4,355.1,5.3,9.4,8.4,1.7,19.5,5,43.7,0.6,0.9,1.5,2020,SEC
101,Baylor,9,23.3,22.8,36.8,61.9,219.9,1.6,33.1,90.3,2.7,0.9,69.9,310.2,4.4,9.6,6.7,2.1,18.3,7.2,62.4,0.1,0.9,1,2020,Big 12
102,Nebraska,8,23.1,19.5,28.6,68.1,190.1,0.6,41.8,201.4,4.8,1.9,70.4,391.5,5.6,8.5,11.4,1.5,21.4,6.8,60.6,1.1,1.1,2.3,2020,Big Ten
108,Kentucky,11,21.8,13.2,22.1,59.7,121.5,0.6,39.4,196.8,5,1.7,61.5,318.3,5.2,5.8,10,1.5,17.4,5.7,55.9,0.6,0.5,1.1,2020,SEC
109,Tennessee,10,21.5,17.9,28.5,62.8,204.7,1.4,37.5,141.5,3.8,1.2,66,346.2,5.2,9.4,8.9,1.9,20.2,6.1,50.2,0.6,0.9,1.5,2020,SEC
110,Mississippi State,11,21.4,33.9,50.6,67,296.3,1.5,18.5,43.9,2.4,0.7,69.2,340.2,4.9,13.6,3.7,1.5,18.8,6.5,60.1,0.7,1.6,2.4,2020,SEC
111,California,4,20.3,21.3,34.5,61.6,192.8,1.5,37,125.3,3.4,1,71.5,318,4.4,9.3,6,3,18.3,4.3,33.8,0.5,0.8,1.3,2020,Pac-12
112,Illinois,8,20.1,11.4,24.3,46.9,152.9,1.3,40.8,196.1,4.8,1.1,65,349,5.4,6.6,9.6,1.6,17.9,4.9,50.8,0.6,0.5,1.1,2020,Big Ten
117,Michigan State,7,18,18.9,34.6,54.5,238.9,1.6,34,91.7,2.7,0.3,68.6,330.6,4.8,10.3,4.1,1.7,16.1,6.9,63,1.1,1.7,2.9,2020,Big Ten
118,Syracuse,11,17.8,15.7,30.5,51.5,173.3,1.4,29.1,92,3.2,0.5,59.6,265.3,4.4,7.3,4.8,1.1,13.2,7.1,67.3,0.8,1.1,1.9,2020,ACC
119,Arizona,5,17.4,22.8,37.8,60.3,213,1.2,36.8,156.4,4.3,0.8,74.6,369.4,5,8.8,10,2.4,21.2,6.8,58.8,1,1.4,2.4,2020,Pac-12
124,Kansas,9,15.8,17.2,31.4,54.8,154.3,0.8,39.3,104.9,2.7,1,70.8,259.2,3.7,7.4,6.6,1.9,15.9,5.7,46.4,0.4,1.1,1.6,2020,Big 12
126,Vanderbilt,9,14.8,21.3,33.4,63.8,219.9,1.4,36.6,110.1,3,0.4,70,330,4.7,10.7,7.6,2,20.2,4.7,38.1,0.7,1.2,1.9,2020,SEC
1,LSU,15,48.4,28.4,37.8,75.1,401.6,4.1,33.9,167.3,4.9,2.1,71.7,568.9,7.9,16.3,10.1,1.6,27.9,6.2,62.4,0.3,0.5,0.8,2019,SEC
2,Alabama,13,47.2,22.1,31.2,70.7,342.2,3.8,33.5,168.7,5,2.1,64.7,510.9,7.9,13,9.7,1.8,24.5,7.3,65.8,0.3,0.5,0.8,2019,SEC
3,Ohio State,14,46.9,19.4,28.9,66.9,263.1,3.4,47.1,267.3,5.7,2.8,76.1,530.4,7,12.3,13.7,2.4,28.4,5.8,55,0.9,0.2,1.1,2019,Big Ten
4,Clemson,15,43.9,21.7,33.9,64,288.3,2.7,37.7,240.5,6.4,3,71.6,528.9,7.4,12.7,11.1,2.5,26.2,5.7,45.6,0.3,0.7,1,2019,ACC
6,Oklahoma,14,42.1,18.7,27.2,68.8,297.4,2.6,40.3,240.4,6,2.7,67.5,537.8,8,12.3,11.6,1.1,24.9,7.2,74.8,0.7,0.6,1.4,2019,Big 12
11,Washington State,13,37.8,38.8,54.6,71.1,437.2,3.8,16.2,68.1,4.2,0.9,70.8,505.2,7.1,19.8,4.2,1.8,25.8,5.8,56,0.7,1.2,1.9,2019,Pac-12
15,Penn State,13,35.8,16.7,28.4,58.8,221.3,1.9,39.3,192,4.9,2.6,67.7,413.3,6.1,10.3,9.7,1.4,21.2,4.4,45.3,0.4,0.7,1.1,2019,Big Ten
16,Oregon,14,35.4,21.3,31.8,67,258.2,2.5,36.1,177.3,4.9,1.9,67.9,435.5,6.4,12.1,8.9,1.9,22.9,6.1,61.6,0.4,0.4,0.8,2019,Pac-12
17,Texas,13,35.2,23.5,36.2,65.1,289.3,2.5,36.8,177.2,4.8,1.9,72.9,466.5,6.4,13.1,10,1.9,25,7.3,68.5,0.3,0.8,1.1,2019,Big 12
22,Minnesota,13,34.1,16.3,24.8,65.6,253.3,2.4,43.1,178.7,4.1,1.9,67.9,432,6.4,10.9,10.4,1.3,22.6,4.3,38.6,0.5,0.6,1.2,2019,Big Ten
23,Wisconsin,14,34.1,17.6,25.1,70.1,200.1,1.3,43.3,233.7,5.4,2.7,68.4,433.9,6.3,9.6,12.4,0.9,22.9,4.9,45.4,1.2,0.4,1.6,2019,Big Ten
27,Baylor,14,33.6,19.8,31.7,62.4,255.1,1.7,36,166.4,4.6,2.5,67.7,421.5,6.2,10.8,9.2,2.3,22,6.5,55.6,0.8,0.6,1.4,2019,Big 12
28,Auburn,13,33.2,17.6,30.5,57.8,207.5,1.5,42.1,199.4,4.7,2.4,72.5,406.8,5.6,9.5,10.4,1.6,21.5,7.1,55.2,0.8,0.5,1.3,2019,SEC
29,Florida,13,33.2,24.4,35.9,67.9,300.8,2.5,30.4,130,4.3,1.6,66.3,430.8,6.5,13.5,6.8,2.5,22.9,5.2,47.5,0.6,0.8,1.4,2019,SEC
30,Louisville,13,33.1,13.6,23.2,58.8,234.2,2.5,43.7,213.8,4.9,1.8,66.8,448,6.7,8.8,10,1.5,20.2,7.2,60,0.8,0.7,1.5,2019,ACC
31,North Carolina,13,33.1,20.4,33.2,61.5,285.8,3,40.6,188.2,4.6,0.9,73.8,474,6.4,12.8,10.1,1.3,24.2,6.2,53.9,0.4,0.5,0.9,2019,ACC
36,Oklahoma State,13,32.5,17.8,27.8,64.1,224.3,1.8,43.2,229.6,5.3,2.1,71.1,453.9,6.4,8.5,11,2.5,22,5.2,47.1,0.6,0.9,1.5,2019,Big 12
37,USC,13,32.5,28.1,39.5,71,335.8,2.7,30.1,118.2,3.9,1.4,69.6,454,6.5,14.1,7.1,2,23.2,6.9,69.3,0.8,1.2,2,2019,Pac-12
38,Utah,14,32.3,16.6,22.9,72.6,227.6,1.4,42.2,201.4,4.8,2.4,65.1,429,6.6,8.9,10.5,2.1,21.5,6.7,55.4,0.6,0.3,0.9,2019,Pac-12
39,Iowa State,13,32.2,24.2,37.2,65.2,311.3,2.2,31.6,133.3,4.2,1.7,68.8,444.6,6.5,14.5,6.7,1.8,22.9,4.7,38.2,0.5,0.7,1.2,2019,Big 12
40,Virginia,14,32.1,24,37.1,64.7,267.1,1.6,31.6,121.2,3.8,2,68.6,388.4,5.7,12.8,6.4,2,21.1,4.7,43.7,0.4,1.1,1.5,2019,ACC
41,Washington,13,32,20.2,31.6,64,243.4,1.8,35.2,149.5,4.2,1.8,66.8,392.9,5.9,10.7,8.4,1.2,20.3,6.1,49.2,0.5,0.6,1.1,2019,Pac-12
42,Indiana,13,31.8,24.7,36.4,67.9,302.4,1.8,35.7,130.8,3.7,1.8,72.1,433.2,6,13.1,8.2,2.2,23.4,6.8,63.8,0.5,0.7,1.2,2019,Big Ten
43,Wake Forest,13,31.8,21.7,36.1,60.1,288.3,2.4,45.1,175.7,3.9,1.4,81.2,464,5.7,12.6,9.3,1.7,23.6,4.4,35.4,0.3,1,1.3,2019,ACC
44,Michigan,13,31.7,17.5,31.5,55.6,250.8,1.9,37.8,151.2,4,2,69.3,402.1,5.8,11.1,8.3,2.8,22,6.2,49.9,0.8,0.7,1.5,2019,Big Ten
48,Oregon State,12,31.2,21.7,35,61.9,255.1,2.5,34,157,4.6,1.8,69,412.1,6,11.7,9.3,1.4,22.3,6.5,58.5,0.2,0.3,0.5,2019,Pac-12
49,Georgia,14,30.8,18.2,29.6,61.4,223,1.9,37.1,185.9,5,1.5,66.8,408.9,6.1,10.3,9.1,1.7,21.1,5.4,49.1,0.5,0.4,0.9,2019,SEC
50,Virginia Tech,13,30.8,14.2,24.5,58.2,209.1,1.7,43.5,176.1,4.1,1.6,67.9,385.2,5.7,8.3,9.6,2,19.9,5.3,46.6,1.2,0.6,1.8,2019,ACC
51,Houston,12,30.7,14.7,26,56.4,203.3,1.6,38.4,189.3,4.9,1.7,64.4,392.6,6.1,8.2,9.4,1.9,19.4,4.8,48.3,0.8,1,1.8,2019,Big 12
53,Texas Tech,12,30.5,28.5,44.3,64.4,324.7,2,33.7,149.6,4.4,1.7,77.9,474.3,6.1,14.6,8.3,2,24.8,6.3,57.9,0.6,0.7,1.3,2019,Big 12
56,TCU,12,30.3,17.6,32.9,53.4,203.7,1.3,42.5,204,4.8,1.9,75.4,407.7,5.4,8.9,10.6,1.9,21.4,6.5,61.3,0.8,0.9,1.7,2019,Big 12
60,Cincinnati,14,29.6,14.9,26.9,55.2,182.3,1.4,44,208,4.7,2.1,70.9,390.3,5.5,7.9,11.4,1.5,20.8,8.8,69.8,0.6,0.8,1.4,2019,Big 12
61,Kansas State,13,29.6,13.9,23.3,59.7,180.9,0.9,41,179.5,4.4,2.2,64.3,360.5,5.6,8.9,9,1.6,19.5,5.9,52.2,0.7,0.4,1.1,2019,Big 12
62,Texas A&M,13,29.5,21,34.8,60.4,235.4,1.7,32.5,159.8,4.9,1.8,67.3,395.2,5.9,11.7,8.8,1.6,22.1,6.7,55.4,0.8,0.8,1.5,2019,SEC
66,Boston College,13,29,12.4,23.5,52.8,176,1.5,50.2,254.2,5.1,2.1,73.6,430.2,5.8,7.2,13.2,0.8,21.2,5,37,0.5,0.5,1,2019,ACC
69,Syracuse,12,28.3,20.8,34,61.3,240.6,1.9,41.8,154,3.7,1.3,75.8,394.6,5.2,9.8,8.2,2,19.9,8.9,73.9,0.8,0.6,1.3,2019,ACC
72,Nebraska,12,28,16.2,26.9,60.1,212.6,1,45,204.5,4.5,2.3,71.9,417.1,5.8,8.9,10.3,1.7,20.8,5.1,43.2,1,0.8,1.8,2019,Big Ten
73,Florida State,13,27.9,21.5,33.2,64.6,267.6,1.8,36.7,140.7,3.8,1.8,69.9,408.3,5.8,10.6,8.1,1.9,20.4,9.2,73.3,0.6,1,1.6,2019,ACC
74,Mississippi State,13,27.6,14.3,24.2,59,179.5,1.5,40.7,220.7,5.4,2.1,64.9,400.2,6.2,8.6,11.2,1.8,21.5,5.5,44.5,1,0.8,1.8,2019,SEC
76,Kentucky,13,27.2,9.8,19.8,49.8,113.7,0.7,43.9,279.1,6.4,2.8,63.7,392.8,6.2,5.1,12.7,1.6,19.4,5.8,50.8,0.9,0.6,1.5,2019,SEC
77,Arizona,12,26.9,21.8,35.2,61.8,266.1,1.9,37.5,174.1,4.6,1.6,72.7,440.2,6.1,11.8,9.3,1.7,22.8,6.3,56.4,0.5,1,1.5,2019,Pac-12
79,Illinois,13,26.7,15.2,28.1,54.2,185.3,1.5,37.6,144.4,3.8,1.5,65.7,329.7,5,8.5,7.5,1.4,17.4,6.7,61.3,0.7,0.7,1.4,2019,Big Ten
80,UCLA,12,26.7,21.7,35.5,61,255.5,1.8,40.8,150.2,3.7,1.5,76.3,405.7,5.3,11.4,9.3,1.8,22.4,6.8,55.3,0.8,1,1.8,2019,Pac-12
81,Ole Miss,12,26.6,15.5,27.5,56.4,194,0.9,46.5,251.3,5.4,2.4,74,445.3,6,9.3,11.8,1.9,22.8,4.9,48.8,0.8,0.5,1.3,2019,SEC
87,Iowa,13,25.8,18.7,31.6,59.1,228.9,1.2,34.8,137.6,3.9,1.3,66.5,366.5,5.5,10.5,7.6,1.2,19.1,4.3,32.4,0.4,0.5,0.9,2019,Big Ten
89,Purdue,12,25.8,26.7,43.3,61.5,309.9,2.4,28.4,83.5,2.9,0.8,71.8,393.4,5.5,13.7,5.1,1.8,20.6,4.6,37.7,0.7,1.3,1.9,2019,Big Ten
90,Miami (FL),13,25.7,19.6,33.5,58.5,249.2,2.1,31.2,118.2,3.8,1.2,64.8,367.4,5.7,11.2,6.2,2.1,19.5,7,60.7,0.5,0.8,1.3,2019,ACC
93,Duke,12,25.3,17.8,31.5,56.3,179.3,1.5,41.3,150.3,3.6,1.3,72.8,329.7,4.5,8.5,8.4,1.7,18.7,5.3,45.3,1.2,1.2,2.3,2019,ACC
94,Maryland,12,25.3,14.3,28.5,50.3,174,1.3,35.4,169.4,4.8,1.9,63.9,343.4,5.4,7.3,7.7,1.8,16.8,5.8,48.8,0.8,1,1.8,2019,Big Ten
95,Missouri,12,25.3,18.8,31.3,60.1,222.6,1.4,39.7,151.7,3.8,1.2,71,374.3,5.3,9.1,9.2,2.2,20.4,6.9,67.3,0.5,0.7,1.2,2019,SEC
96,Arizona State,13,24.8,17.9,29.5,60.8,248.8,1.6,35.3,123.2,3.5,1,64.8,372.1,5.7,9.6,6.8,1.5,17.9,6.5,62.9,0.8,0.3,1.1,2019,Pac-12
97,Tennessee,13,24.2,15.4,27.7,55.6,221.4,1.5,35.4,144.3,4.1,1,63.1,365.7,5.8,9.5,7.1,2,18.5,6.4,52.5,0.5,1,1.5,2019,SEC
100,Colorado,12,23.5,21.4,34.3,62.5,238.2,1.5,36.3,150.3,4.1,1.2,70.6,388.5,5.5,10.6,9.1,1.8,21.4,7.1,60.5,0.3,0.9,1.2,2019,Pac-12
101,Kansas,12,23.5,19.6,32.4,60.4,231.5,2.1,31.6,146.3,4.6,0.8,64,377.8,5.9,9.7,7.7,1.3,18.7,5.5,50.1,0.5,1.2,1.7,2019,Big 12
104,Michigan State,13,22.4,20.8,35.7,58.2,244.8,1.3,35.6,128.2,3.6,0.9,71.3,372.9,5.2,11.4,7.6,2.1,21.1,5.8,53.8,0.7,1.2,1.8,2019,Big Ten
105,South Carolina,12,22.4,22.3,38.8,57.5,222.3,1,33,149.7,4.5,1.5,71.8,371.9,5.2,10.7,7.1,1.6,19.3,6.6,54.7,0.6,0.6,1.2,2019,SEC
107,North Carolina State,12,22.1,20.3,38.6,52.7,229.1,1.2,34.7,151.4,4.4,1.2,73.3,380.5,5.2,10.3,9.3,2.2,21.7,5.9,52.3,0.9,0.8,1.8,2019,ACC
109,Stanford,12,21.7,23,37,62.2,262.4,1.5,28.8,105.7,3.7,0.7,65.8,368.1,5.6,10.9,6.8,2,19.7,6.3,48.8,0.4,0.7,1.1,2019,Pac-12
110,Arkansas,12,21.4,16.8,33.9,49.6,192.9,1.2,31.3,147.3,4.7,1.2,65.2,340.2,5.2,9.3,6.7,2.3,18.3,5.1,41,0.5,1.3,1.8,2019,SEC
112,California,13,21.2,15.7,28.1,55.9,197,1.5,36.5,132,3.6,1.2,64.5,329,5.1,8,8.1,2.7,18.8,4.7,41.8,0.3,0.7,1,2019,Pac-12
116,West Virginia,12,20.6,24.1,37.8,63.7,248.7,1.8,27.8,73.4,2.6,0.6,65.6,322.1,4.9,10.8,5.2,1.8,17.7,5.9,48.9,0.4,1.3,1.7,2019,Big 12
124,Georgia Tech,12,16.7,10.3,22.4,46.1,133.9,1.2,37.3,152.6,4.1,1,59.7,286.5,4.8,5.3,8.3,1.6,15.1,4.8,41.1,0.8,0.8,1.7,2019,ACC
125,Vanderbilt,12,16.5,16.8,31.8,53,172,0.8,29.9,126.8,4.2,0.9,61.7,298.8,4.8,6.8,7.1,2,15.8,6.3,54.1,0.3,0.8,1.1,2019,SEC
126,Northwestern,12,16.3,13,26,50,117,0.5,44.1,180.2,4.1,1.4,70.1,297.2,4.2,6.3,9.2,2.2,17.7,5.4,48.5,0.8,1.3,2,2019,Big Ten
129,Rutgers,12,13.3,12.8,23.2,55.4,139.3,0.6,37.8,134.3,3.6,0.9,61,273.7,4.5,5.7,6.5,1.2,13.3,6.3,59.1,0.7,1.3,1.9,2019,Big Ten
1,Oklahoma,14,48.4,19.6,28.6,68.3,322.9,3.1,37.3,247.9,6.6,2.9,65.9,570.7,8.7,13.4,11.4,1.5,26.4,6.1,61.1,0.4,0.5,0.9,2018,Big 12
3,Alabama,15,45.6,20.1,29.2,68.7,323.6,3.5,38.1,198.4,5.2,2.2,67.3,522,7.8,13,10.3,1.4,24.7,5.8,53.1,0.5,0.5,1,2018,SEC
4,Clemson,15,44.3,21.8,33.9,64.4,278.7,2.5,37.8,249.3,6.6,3.3,71.7,528,7.4,12,10.5,1.3,23.9,4.6,41.6,0.6,0.5,1.1,2018,ACC
5,Houston,13,43.9,21.8,36.5,59.9,295.5,3.5,41.2,216.5,5.3,2.2,77.6,512,6.6,12.3,11.3,2.1,25.7,6.7,52.5,0.8,0.7,1.5,2018,Big 12
8,Ohio State,14,42.4,28.2,40,70.5,358.7,3.6,40.7,177,4.3,1.7,80.7,535.7,6.6,16.5,9.7,2.6,28.8,8.3,75.4,0.6,0.6,1.2,2018,Big Ten
10,West Virginia,12,40.3,24.3,37.1,65.4,351.3,3.2,35.4,160.9,4.5,1.8,72.5,512.3,7.1,14.4,8.3,1.6,24.3,7.1,66.7,0.6,0.8,1.4,2018,Big 12
11,Syracuse,13,40.2,20.8,35.6,58.5,264.7,1.7,45.6,202.1,4.4,2.9,81.2,466.8,5.7,10.3,11,2.2,23.6,7.2,59.1,0.5,0.9,1.4,2018,ACC
13,Oklahoma State,13,38.4,22.5,37.8,59.3,308.7,2.5,39.9,190.7,4.8,2.3,77.8,499.4,6.4,14.2,10.2,1.8,26.1,6.8,70.5,0.7,1,1.7,2018,Big 12
14,Georgia,14,37.9,17.3,25.5,67.8,226.9,2.4,40.4,239.2,5.9,2.1,65.9,466.1,7.1,10.1,12.1,1.5,23.6,5.5,49.6,0.6,0.4,1,2018,SEC
15,Washington State,13,37.5,36.8,52.1,70.6,373.5,3,21.4,78.9,3.7,1.8,73.5,452.5,6.2,17.8,4.5,1.9,24.5,6.6,65,0.3,0.8,1.1,2018,Pac-12
17,Texas Tech,12,37.3,30.1,44.6,67.5,352.6,2.3,36.4,131.8,3.6,2.2,81,484.3,6,16.7,7.9,1.9,26.6,7.9,73.8,0.6,1.3,1.8,2018,Big 12
18,Missouri,13,36.6,21.6,34.7,62.3,279.4,2.2,42.5,202.4,4.8,2.1,77.2,481.8,6.2,12.3,9.9,2.4,24.6,6.9,61.5,0.5,0.6,1.2,2018,SEC
19,Texas A&M,13,36,19.5,34,57.5,252.6,1.9,41.2,219,5.3,2.2,75.2,471.6,6.3,11.8,11.6,2.4,25.8,6.2,50.9,0.6,0.7,1.3,2018,SEC
21,Michigan,13,35.2,17.2,26.8,64.1,215.7,1.8,42.2,203.8,4.8,2,69,419.5,6.1,9.5,10.5,1.6,21.5,6.8,63.5,0.2,0.7,0.9,2018,Big Ten
22,Florida,13,35,16.7,28,59.6,213.5,2.2,40.3,213.3,5.3,1.8,68.3,426.8,6.2,9.5,11.1,1.3,21.8,7.3,62.7,0.6,0.5,1.1,2018,SEC
23,Cincinnati,13,34.9,17.5,28.8,60.7,219,1.7,46.2,239.5,5.2,2.8,74.9,458.5,6.1,9.9,12.4,1.2,23.5,8.2,73.7,1,0.5,1.5,2018,Big 12
25,Oregon,13,34.8,18.9,32.1,59,247.8,2.2,40.5,180.8,4.5,2.2,72.5,428.7,5.9,10.8,9.2,1.6,21.6,4.6,43.7,0.7,0.6,1.3,2018,Pac-12
30,Ole Miss,12,33.9,23.5,36.8,63.9,346.4,1.8,34.8,164.9,4.7,2,71.6,511.3,7.1,13.6,8.8,1.8,24.1,7.3,66.8,0.4,0.8,1.2,2018,SEC
31,North Carolina State,13,33.8,25.7,38.2,67.3,313.2,1.9,37.2,143.1,3.8,2.1,75.4,456.2,6.1,14.2,7.7,2.3,24.2,4.6,44.7,0.5,0.8,1.4,2018,ACC
32,Penn State,13,33.8,15.8,29.2,54.2,218.2,1.6,40,204.8,5.1,2.6,69.2,423,6.1,9,10.3,2.2,21.5,4.7,42.4,1,0.6,1.6,2018,Big Ten
33,Georgia Tech,13,33.6,4.3,9.7,44.4,83.8,0.5,57.3,325.1,5.7,3.5,67,408.8,6.1,3,16.8,1.4,21.2,3.8,36.7,1,0.3,1.3,2018,ACC
37,Wake Forest,13,32.8,19.1,34.2,55.9,235.2,1.9,48.2,216.7,4.5,1.6,82.3,451.8,5.5,10.9,12.2,1.6,24.7,4.2,42.2,0.5,1,1.5,2018,ACC
38,LSU,13,32.4,17.2,29.8,57.9,228.5,1.3,43,173.6,4,2.2,72.8,402.1,5.5,10.2,9.9,2.6,22.7,6.4,61.1,0.6,0.4,1,2018,SEC
39,Boston College,12,32,16.3,28.1,57.9,215.3,2.1,46.4,189.2,4.1,1.9,74.5,404.4,5.4,8.9,9.5,1,19.4,6.3,49.2,0.8,0.8,1.6,2018,ACC
43,Arizona,12,31.3,18,32.4,55.5,255.3,2.4,41.1,202.4,4.9,1.2,73.5,457.7,6.2,10.8,9.6,3.2,23.6,7.9,75.7,0.8,0.8,1.6,2018,Pac-12
44,Iowa,13,31.2,18.6,31.4,59.3,226.6,2.1,37.5,148.4,4,1.5,68.9,375,5.4,10.6,7.6,1.8,20.1,4.8,42.5,0.5,0.8,1.4,2018,Big Ten
47,Texas,14,31.1,22.1,34,65.1,258.2,2,40.3,153.8,3.8,1.7,74.3,412,5.5,12.1,9.2,1.9,23.2,7.4,67,0.4,0.4,0.8,2018,Big 12
48,Auburn,13,30.9,17.9,29.3,61.2,222.5,1.6,39.4,167.5,4.3,1.9,68.7,389.9,5.7,8.8,9.9,1.7,20.4,6.4,56.7,0.6,0.4,1,2018,SEC
53,Purdue,13,30.5,25.6,39.2,65.4,307.5,2.2,30.8,136.4,4.4,1.5,69.9,443.9,6.3,12,7.5,2.4,21.8,6.2,64.4,0.5,1,1.5,2018,Big Ten
57,South Carolina,13,30.1,20.9,34.1,61.4,272.8,2.5,34,153.3,4.5,1.2,68.1,426.2,6.3,12.1,8,1.5,21.6,6.3,53.2,0.5,1.1,1.6,2018,SEC
58,Nebraska,12,30,21.4,33.7,63.6,247.2,1.6,38.7,209,5.4,2.1,72.3,456.2,6.3,10.8,10.8,1.5,23.2,7.7,70.8,0.9,0.9,1.8,2018,Big Ten
59,Arizona State,13,29.9,19,30.5,62.2,232.7,1.5,38.4,184.2,4.8,2,68.9,416.9,6,10.1,9.8,1.6,21.5,6.1,53.8,0.3,0.5,0.8,2018,Pac-12
61,Virginia Tech,13,29.8,19.2,33,58.3,253.8,2.2,39.8,174.3,4.4,1.5,72.8,428.2,5.9,11.2,9.7,1.5,22.3,5.8,54.9,0.5,0.8,1.2,2018,ACC
62,Wisconsin,13,29.7,13.8,23.4,58.9,157.7,1.5,43.9,273.4,6.2,2.5,67.3,431.1,6.4,7.7,13.5,0.6,21.8,5.7,50.5,0.8,1.1,1.8,2018,Big Ten
63,Baylor,13,29.5,22.8,37.3,61,290,1.7,38.6,169.1,4.4,1.9,75.9,459.1,6,12,11.2,2.2,25.5,7.8,74.1,0.5,1,1.5,2018,Big 12
64,Duke,13,29.4,21.4,36.6,58.4,246.1,2.4,36.9,159.6,4.3,1.5,73.5,405.7,5.5,10.5,8.7,1.3,20.5,4.2,34.8,0.8,0.8,1.5,2018,ACC
65,Minnesota,13,28.9,14.6,26.6,54.9,208.8,1.5,40.2,171.2,4.3,1.8,66.8,380,5.7,9.2,9.3,2.2,20.7,3.9,39.1,0.8,1.1,1.9,2018,Big Ten
66,Miami (FL),13,28.8,14,27.4,51.1,167.3,1.5,36.8,191.5,5.2,1.9,64.2,358.8,5.6,6.8,9,1.2,17.1,5.6,46.3,0.9,1.1,2,2018,ACC
68,Maryland,12,28.5,10.4,20.1,51.9,141.3,1,40.5,230.3,5.7,2.1,60.6,371.5,6.1,5.2,10.3,1.4,16.9,8.3,79.7,0.8,0.4,1.2,2018,Big Ten
69,Mississippi State,13,28.5,12.7,24.8,51.1,173.8,1.7,39.5,223.6,5.7,2,64.4,397.4,6.2,6.7,11.8,1.2,19.6,6.4,57.5,0.2,0.8,1,2018,SEC
71,Vanderbilt,13,28.5,19.8,32,62,243.7,1.8,33.3,167.6,5,1.7,65.3,411.3,6.3,10.5,8.3,2.3,21.2,5.5,43.7,0.6,0.5,1.1,2018,SEC
72,Virginia,13,28.5,17.5,27.5,63.7,211.6,2,38.4,172.9,4.5,1.5,65.9,384.5,5.8,9.5,10.5,1.2,21.2,4.5,40.6,0.8,0.7,1.5,2018,ACC
73,Stanford,13,28.4,20.8,32.5,64.1,273.1,2.2,29.5,107.9,3.7,1.2,62.1,381,6.1,11.5,5.1,2.7,19.3,5.5,42.2,0.3,0.8,1.2,2018,Pac-12
76,Utah,14,28.1,17.9,29.1,61.4,213.9,1.4,40.2,182.4,4.5,1.6,69.3,396.4,5.7,9.1,9.8,1.4,20.3,5.1,46.9,1,0.9,1.9,2018,Pac-12
78,North Carolina,11,27.4,22.2,37.6,58.9,249.1,1.3,36.5,193,5.3,1.7,74.2,442.1,6,10.6,9.5,1.1,21.3,6,55.6,0.8,1.3,2.1,2018,ACC
80,Colorado,12,27.1,22.6,35,64.5,249.6,1.6,37.7,143,3.8,1.8,72.7,392.6,5.4,11.1,7.6,2,20.7,5.9,55.3,0.6,1,1.6,2018,Pac-12
82,Iowa State,13,26.8,18.2,27.8,65.7,240.9,1.5,35.7,130.2,3.6,1.5,63.5,371.2,5.8,9.5,7.9,1.9,19.2,4.8,39.8,0.8,0.7,1.5,2018,Big 12
85,Kentucky,13,26.6,14.9,22.8,65.5,161.5,1.1,41,202,4.9,2.1,63.8,363.5,5.7,7.4,10.8,1.8,19.9,6.1,55.5,0.6,0.8,1.4,2018,SEC
88,Indiana,12,26.4,26.3,40.1,65.7,257.8,1.7,35.7,157.3,4.4,1.4,75.8,415.2,5.5,11.9,8.8,2.8,23.5,5.9,60.8,0.7,1.1,1.8,2018,Big Ten
89,Washington,14,26.4,18.9,28.9,65.2,238.4,1.4,40.3,176.3,4.4,1.8,69.2,414.6,6,11.1,9.3,1.7,22.1,4.9,44.2,0.4,0.9,1.2,2018,Pac-12
91,Oregon State,12,26.1,21.6,35.8,60.2,249.2,1.4,40.4,155.6,3.8,1.9,76.3,404.8,5.3,11.5,8.8,1.6,21.9,5.3,47.9,0.8,0.8,1.5,2018,Pac-12
92,USC,12,26.1,20.3,33.4,60.8,248.2,1.5,32.8,134.4,4.1,1.4,66.2,382.6,5.8,10.3,7,1.9,19.3,8,73.6,0.8,0.8,1.6,2018,Pac-12
93,Illinois,12,26,14.8,27.3,54,165.7,0.8,40.8,244.8,6,2.1,68.2,410.4,6,7.6,10.4,1.4,19.4,6.3,64.4,0.8,1.2,2,2018,Big Ten
98,UCLA,12,24.6,19.9,33.6,59.3,237.8,1.1,37.5,155.3,4.1,1.7,71.1,393,5.5,11.2,8.2,1.8,21.1,6.8,57,0.6,0.8,1.4,2018,Pac-12
101,Northwestern,14,24.2,22.8,37.6,60.5,239.4,1.2,37,114.9,3.1,1.8,74.6,354.4,4.7,11.5,6.6,2.5,20.6,2.9,25.9,0.2,1.1,1.4,2018,Big Ten
106,Kansas,12,23.8,19.2,32.8,58.5,192.7,1.5,35.2,158.2,4.5,1.2,67.9,350.8,5.2,9.3,7.2,1.5,17.9,6.5,55.8,0.6,0.3,0.9,2018,Big 12
107,TCU,13,23.5,18.3,31.4,58.3,210.8,1.4,38.1,157.2,4.1,1.1,69.5,368.1,5.3,9.2,8.8,1,18.9,4.3,39.1,0.8,1.2,2,2018,Big 12
110,Tennessee,12,22.8,14.7,24.8,59.3,196.4,1.3,34.5,130,3.8,1.3,59.3,326.4,5.5,8,6.3,1.8,16,5.7,46.5,0.9,0.4,1.3,2018,SEC
111,Kansas State,12,22.5,13.8,24.2,57.2,162.1,0.9,42.3,182.6,4.3,1.7,66.4,344.7,5.2,7.3,9.7,1.8,18.8,4.9,44.8,0.8,0.6,1.4,2018,Big 12
113,Florida State,12,21.9,21.6,37.9,56.9,269.1,1.7,32.6,90.9,2.8,0.9,70.5,360,5.1,10.7,5,1.4,17.1,9.2,70.9,1.1,1.1,2.2,2018,ACC
114,Arkansas,12,21.7,16.8,30.8,54.6,191.8,1.4,36.7,143.3,3.9,0.9,67.5,335.1,5,8.4,7.9,1.9,18.3,5.8,51.8,0.7,1.5,2.2,2018,SEC
116,California,13,21.5,19.5,32.5,60,185.8,1.2,37.5,157.7,4.2,1,70,343.5,4.9,8.7,8.5,2.1,19.3,5.7,50.1,0.8,1.5,2.4,2018,Pac-12
122,Louisville,12,19.8,17.5,32.8,53.3,211.1,0.8,33.5,142.4,4.3,1.5,66.3,353.5,5.3,9.5,7.9,1.3,18.8,8.4,71.8,0.8,1.3,2.1,2018,ACC
126,Michigan State,13,18.7,19.6,38.2,51.4,217.2,0.9,35.8,124.8,3.5,1.1,73.9,342.1,4.6,11.2,7.1,1.9,20.2,6,54.7,0.6,1.1,1.7,2018,Big Ten
130,Rutgers,12,13.5,14.3,29.2,48.9,132.2,0.4,35.1,134.1,3.8,1,64.3,266.3,4.1,6,7.2,2,15.2,6.3,62.3,0.6,1.8,2.4,2018,Big Ten
3,Oklahoma,14,45.1,22.1,30.9,71.4,361.8,3.4,39,217.8,5.6,2.4,69.9,579.6,8.3,14.4,10.2,1.4,25.8,5.9,57.8,0.5,0.4,0.9,2017,Big 12
4,Oklahoma State,13,45,25,38.7,64.6,389.2,2.8,38.5,182.2,4.7,2.6,77.2,571.3,7.4,16.4,9.1,2.2,27.6,5.1,45.5,0.8,0.8,1.6,2017,Big 12
5,Arizona,13,41.3,14.1,22.7,62,180.2,1.5,46.9,309.7,6.6,3.7,69.6,489.9,7,7.5,13.1,3.1,23.5,5.3,55,0.7,1,1.7,2017,Pac-12
6,Ohio State,14,41.1,20.5,31.4,65.2,262.8,2.8,42,243.4,5.8,2.4,73.4,506.2,6.9,10.7,12.4,2.1,25.3,6.9,67.4,0.6,0.7,1.4,2017,Big Ten
7,Penn State,13,41.1,23.2,35.2,65.7,290.2,2.5,34.7,170.2,4.9,2.8,69.9,460.3,6.6,13.2,7.6,1.9,22.8,4.2,37.7,0.2,0.8,1,2017,Big Ten
11,Louisville,13,38.1,21.3,35.7,59.7,299.8,2.2,38.1,245.1,6.4,2.5,73.8,544.9,7.4,12.9,12.1,2.1,27.1,6.3,51.1,0.8,0.8,1.6,2017,ACC
14,Missouri,13,37.5,19,33.1,57.4,308.6,3.4,37.2,194.5,5.2,1.2,70.3,503.2,7.2,11.5,10.2,1.6,23.4,7.4,59.5,0.8,1.1,1.9,2017,SEC
15,Alabama,14,37.1,14.6,23.8,61.3,193.4,2,43.7,250.6,5.7,2.6,67.5,444.1,6.6,8.6,12.4,1.4,22.2,4.9,40.6,0.5,0.2,0.7,2017,SEC
17,Washington,13,36.2,18.5,26.8,69,222.2,1.5,36.4,183.2,5,2.8,63.2,405.5,6.4,10.3,8.9,1.6,20.8,4.2,34.2,0.5,0.4,0.8,2017,Pac-12
18,Oregon,13,36,15.6,23.9,65.3,189.9,1.4,48.3,251,5.2,3.1,72.2,440.9,6.1,7.4,12.5,2.1,21.9,9.3,87.5,1,0.9,1.9,2017,Pac-12
20,Georgia,15,35.4,12.4,20.3,61,176.9,1.6,44.9,258.4,5.8,2.8,65.2,435.3,6.7,7.5,11.9,1.4,20.7,6.3,55.7,0.5,0.6,1.1,2017,SEC
21,Wake Forest,13,35.3,20.6,32.8,62.9,276.8,2.5,41.2,189.1,4.6,1.7,73.9,465.9,6.3,11.8,9.6,1.3,22.8,5.3,41.8,0.5,0.5,1,2017,ACC
22,West Virginia,13,34.5,22.6,37,61.1,309.3,2.8,35.5,150.2,4.2,1.4,72.5,459.5,6.3,12.2,8.7,2.3,23.2,6.1,59.7,0.9,1.1,2,2017,Big 12
23,Texas Tech,13,34.3,27.2,41.6,65.2,333.7,2.7,35.3,140.9,4,1.5,76.9,474.6,6.2,14.5,8.2,1.9,24.5,8,76.6,0.5,0.9,1.4,2017,Big 12
25,Auburn,14,33.9,18.2,27.3,66.8,233.4,1.5,45.9,218.3,4.8,2.4,73.1,451.6,6.2,9,11.5,1.8,22.3,4.5,38.6,1,0.4,1.4,2017,SEC
28,Wisconsin,14,33.8,14.6,23.2,62.8,192.1,1.8,44.7,223.2,5,2,67.9,415.3,6.1,9.1,10.6,1.4,21.1,5.4,50.2,0.6,1.1,1.7,2017,Big Ten
29,TCU,14,33.6,20.4,30.7,66.3,245.1,2,38.1,174.1,4.6,1.9,68.8,419.2,6.1,10.2,9.5,1.6,21.3,6.4,53.6,0.6,0.6,1.2,2017,Big 12
32,Clemson,14,33.3,22.1,33.5,65.9,235.5,1.2,41.2,195,4.7,2.9,74.7,430.5,5.8,11,9.6,1.4,22.1,4.9,43.4,0.5,0.6,1.1,2017,ACC
33,Ole Miss,12,32.8,23.4,36.2,64.7,328.4,2.3,30.8,134.1,4.4,1.6,66.9,462.5,6.9,12.6,7.2,1.5,21.3,7.6,62.4,0.4,1.1,1.5,2017,SEC
34,Texas A&M,13,32.7,19.5,34.5,56.3,251.2,1.7,38.9,155.6,4,2,73.5,406.8,5.5,10.7,7.4,1.9,20,5.2,45.2,0.5,0.9,1.5,2017,SEC
35,USC,14,32.6,22.1,35.1,62.9,299,1.9,38.5,186.2,4.8,2.1,73.6,485.2,6.6,13.7,9.6,1,24.3,7.6,69.6,1,0.9,1.9,2017,Pac-12
37,UCLA,13,32.5,26,41.2,63.1,344.5,2.4,30.2,114,3.8,1.5,71.5,458.5,6.4,14.1,7.6,1.8,23.5,8.2,75.2,0.9,0.8,1.7,2017,Pac-12
38,Stanford,14,32.4,14.9,25.9,57.3,186.3,1.6,34.2,202.6,5.9,2.2,60.1,388.9,6.5,7.9,7.9,1.9,17.6,5.8,47.3,0.3,0.6,0.9,2017,Pac-12
39,Kansas State,13,32.3,12,20.8,57.8,173.8,1.2,39.9,198.8,5,2.2,60.7,372.5,6.1,6.8,9.3,1.1,17.2,5.2,45.8,0.4,0.6,1,2017,Big 12
40,North Carolina State,13,32.2,24.2,37.2,65.1,275.1,1.3,38.1,177.1,4.7,2.7,75.3,452.2,6,12.5,9.2,1.7,23.3,6,55.5,0.5,0.5,1,2017,ACC
41,Mississippi State,13,32,14.7,27.2,54.1,166.9,1.3,48.8,251.7,5.2,2.3,75.9,418.6,5.5,7.6,14,1.4,23,6.2,54.6,0.6,1.1,1.7,2017,SEC
42,Arizona State,13,31.8,20.3,32,63.5,255.7,1.6,43.4,175.8,4.1,2.1,75.4,431.5,5.7,10.1,10.2,1.5,21.8,3.8,37.5,0.5,0.7,1.2,2017,Pac-12
50,Washington State,13,30.3,37.5,54.8,68.3,366.8,2.8,23.3,67.5,2.9,0.6,78.2,434.3,5.6,16.7,4.8,1.7,23.2,5.6,51.2,0.8,1.5,2.4,2017,Pac-12
52,Texas,13,29.5,22.9,38.2,60,258.8,1.4,38.9,140,3.6,1.8,77.2,398.8,5.2,11,8.2,1.5,20.5,7.1,66.8,0.5,0.8,1.4,2017,Big 12
53,Utah,13,29.5,20.1,32.8,61.1,249.4,1.4,40.5,164,4.1,1.7,73.3,413.4,5.6,10.5,10.3,2.3,23.1,6.8,61,0.9,1.1,2,2017,Pac-12
56,Iowa State,13,29.2,23.1,36.7,62.9,272.9,2.1,32.8,113.1,3.4,1.2,69.5,386,5.6,12.3,5.9,2.8,21.1,4.4,39.7,0.1,0.7,0.8,2017,Big 12
57,Northwestern,13,29.2,21.2,35.4,60,233.8,1.3,41.3,174.2,4.2,2.3,76.7,408,5.3,11.5,9.6,1.7,22.8,4.9,49,0.5,0.9,1.4,2017,Big Ten
59,Miami (FL),13,29.1,17.5,32.8,53.3,242.5,2,31.8,160.8,5.1,1.5,64.5,403.4,6.3,9.8,8.2,1.3,19.3,5.2,49.3,0.3,1.1,1.4,2017,ACC
61,Arkansas,12,28.8,16,28.3,56.5,205.4,1.5,38.5,168,4.4,2,66.8,373.4,5.6,9,9.2,1.7,19.8,4.8,42.1,0.8,0.8,1.5,2017,SEC
65,Houston,12,28.3,23.4,34.3,68.4,261.3,1.3,37.2,166.8,4.5,2.1,71.4,428.2,6,11.6,8.1,1.3,21,6,53.8,0.9,1,1.9,2017,Big 12
66,Iowa,13,28.2,15.3,27.3,56.1,189.8,2.1,37,139.2,3.8,1.3,64.3,329.1,5.1,8.2,7.9,1.3,17.4,5.1,41.1,1,0.5,1.5,2017,Big Ten
69,Virginia Tech,13,28.2,18.8,31.5,59.8,239.5,1.6,44.8,173.4,3.9,1.5,76.4,412.8,5.4,10.9,9.7,1.5,22.2,4.6,42.2,0.4,0.7,1.1,2017,ACC
70,Georgia Tech,11,28.1,3.9,10.7,36.4,84.3,0.9,57.5,307.4,5.3,2.7,68.2,391.6,5.7,2.9,15.3,1.3,19.5,4,35.8,0.9,0.5,1.4,2017,ACC
71,California,12,27.8,23.2,39.7,58.4,258.9,1.6,34.7,125.6,3.6,1.4,74.3,384.5,5.2,11.6,8.2,2.5,22.1,6.5,54.8,0.7,1,1.7,2017,Pac-12
72,Florida State,13,27.8,15.5,26.5,58.6,196.2,1.6,35.6,155.7,4.4,1.3,62.2,351.9,5.7,8.5,8.5,1.1,18,6,53.8,0.6,1,1.6,2017,ACC
75,Syracuse,12,27.4,26.7,45.7,58.4,294.8,1.7,39.9,161.5,4,1.3,85.6,456.3,5.3,13.1,9,2.3,24.4,6.2,49.4,0.7,1.3,2,2017,ACC
76,LSU,13,27.2,13.8,23.1,59.7,203.5,1.3,43.3,207.6,4.8,1.9,66.4,411.1,6.2,8.4,10.5,1.2,20.1,5.8,50.6,0.3,0.3,0.6,2017,SEC
78,Indiana,12,26.8,25.5,41.8,61,265.7,2.1,37.4,130.1,3.5,0.9,79.3,395.8,5,12,6.7,2.3,21,5.9,58.9,0.6,1.1,1.7,2017,Big Ten
80,Duke,13,26.5,20.5,36.1,56.7,213.4,1.2,42.1,171.4,4.1,1.7,78.2,384.8,4.9,10.5,10.8,1.7,23,4.8,41.6,0.5,0.9,1.5,2017,ACC
81,Colorado,12,26.4,20.3,34.2,59.5,260.4,1.6,41.2,158.5,3.9,1.4,75.3,418.9,5.6,10.7,10.3,1.6,22.6,6.3,55.7,0.4,0.8,1.2,2017,Pac-12
83,North Carolina,12,26,18.4,33.9,54.3,225.3,1.8,35.6,144.3,4.1,1.4,69.5,369.6,5.3,10.8,7.4,1.5,19.7,7.8,72.7,0.5,1.3,1.8,2017,ACC
84,Nebraska,12,25.8,22.1,38.3,57.7,277.5,1.8,30.7,107.5,3.5,1.1,68.9,385,5.6,12.1,6.1,1.4,19.6,6.3,60.7,0.2,1.4,1.6,2017,Big Ten
85,Boston College,13,25.7,15.2,28.2,54,166.3,1.2,47.5,220.4,4.6,1.8,75.8,386.7,5.1,7.8,10.1,1.1,18.9,3.6,29.8,0.6,0.9,1.5,2017,ACC
87,Kentucky,13,25.5,15.1,25.4,59.4,188.2,0.8,37.5,161.7,4.3,2.1,62.9,349.8,5.6,8.6,8.1,1.9,18.6,5.5,48.2,0.6,0.5,1.2,2017,SEC
91,Michigan,13,25.2,14.2,26.6,53.5,171.2,0.7,40.7,177.7,4.4,2,67.3,348.9,5.2,7.4,8.8,1.2,17.5,6.6,57.2,0.8,0.8,1.6,2017,Big Ten
92,Purdue,13,25.2,22.5,37.8,59.5,251.5,2.1,34.4,151.5,4.4,0.9,72.2,403.1,5.6,11.1,8.8,1.8,21.7,5.9,50.6,0.5,0.8,1.3,2017,Big Ten
95,Vanderbilt,12,24.6,19.3,33.6,57.6,243.6,2.3,29,107.6,3.7,1.2,62.6,351.2,5.6,11.5,5.6,1.3,18.4,5.8,50.1,0.3,0.8,1.2,2017,SEC
96,Michigan State,13,24.5,19,32.6,58.3,215.2,1.5,41.8,168.4,4,1.4,74.5,383.6,5.2,10.7,9,1.9,21.6,6.5,59.1,0.9,0.6,1.5,2017,Big Ten
98,Baylor,12,24.3,22.4,38.5,58.2,287.7,1.9,34.5,117.3,3.4,0.8,73,404.9,5.5,11.4,6.7,1.8,19.9,7.3,55.9,0.9,1.2,2.1,2017,Big 12
99,South Carolina,13,24.2,18.8,30.5,61.7,214.9,1.4,31.1,123,4,1.2,61.6,337.9,5.5,9.6,7.1,1.1,17.8,4.8,38,0.4,0.9,1.3,2017,SEC
100,Maryland,12,24.1,14.6,26.5,55,161.7,1.3,36.3,161.7,4.4,1.6,62.8,323.3,5.1,6.8,7.7,2.3,16.8,6.9,64.5,0.5,0.7,1.2,2017,Big Ten
107,Virginia,13,22.5,23.1,39.9,57.8,248.7,1.9,29.9,93.5,3.1,0.8,69.8,342.2,4.9,10.8,6,1.7,18.5,4.8,44.8,0.6,0.8,1.5,2017,ACC
109,Florida,11,22.1,15.8,28.4,55.8,179.5,0.9,36.4,156.4,4.3,1.4,64.7,335.9,5.2,8.4,7.5,0.9,16.8,7.9,58.7,0.9,0.9,1.8,2017,SEC
110,Minnesota,12,22.1,9.2,19.4,47.2,126.1,0.8,43.8,182.4,4.2,1.7,63.2,308.5,4.9,5.1,10,1.3,16.4,3.3,28.3,0.6,0.9,1.5,2017,Big Ten
111,Cincinnati,12,20.9,20.4,36.2,56.5,216.4,1.7,30.9,135.3,4.4,0.9,67.1,351.8,5.2,10,7.7,2,19.7,7.8,73,0.6,0.8,1.3,2017,Big 12
116,Oregon State,12,20.7,17.8,30.2,59.1,196.3,0.9,34.3,137.5,4,1.5,64.4,333.8,5.2,8.8,7.9,2.3,19,7,68,1.3,1,2.3,2017,Pac-12
119,Tennessee,12,19.8,15,26.6,56.4,173.7,0.9,34.3,117.9,3.4,1.2,60.9,291.6,4.8,7.9,6.4,2.1,16.4,5.6,41.4,0.7,0.8,1.5,2017,SEC
120,Kansas,12,18.7,20.8,38.3,54.1,226.4,1.2,32.6,102.6,3.1,0.9,70.9,329,4.6,9.4,5.5,1.3,16.2,5.5,46.1,0.8,1.4,2.2,2017,Big 12
121,Rutgers,12,18,11.3,22.9,49.1,115.6,0.6,36.4,148.6,4.1,1.6,59.3,264.2,4.5,4.9,7.3,1.6,13.8,5.9,50.1,0.8,0.9,1.7,2017,Big Ten
127,Illinois,12,15.4,14,28.3,49.6,174.8,0.7,32.2,105.6,3.3,0.9,60.4,280.4,4.6,6.9,6,1.6,14.5,7.1,64,0.6,1.6,2.2,2017,Big Ten
3,Oklahoma,13,43.9,20.8,29.5,70.6,318,3.3,44,236.8,5.4,2.3,73.5,554.8,7.5,13.5,10.5,1.3,25.3,5.1,52.2,0.7,0.6,1.3,2016,Big 12
5,Texas Tech,12,43.7,35.7,54.4,65.5,463,3.9,32.4,103.6,3.2,1.8,86.8,566.6,6.5,19.8,7.7,2.5,29.9,7.8,62,0.5,0.9,1.4,2016,Big 12
6,Louisville,13,42.5,19.1,33.5,56.9,290.5,2.5,40.4,242.2,6,2.8,73.9,532.7,7.2,11.5,11.7,1.8,25,7.8,70.7,1.7,0.8,2.5,2016,ACC
8,Washington,14,41.8,18.1,29.1,62.3,258.8,3.4,37.8,198.1,5.2,1.7,66.9,456.9,6.8,11,10.1,1.4,22.6,5.2,44.9,0.4,0.6,1.1,2016,Pac-12
11,Michigan,13,40.3,17.5,28.5,61.6,212,1.5,43.9,213.3,4.9,3.2,72.4,425.3,5.9,9.2,11,1.5,21.8,4.8,45.6,0.4,0.5,0.9,2016,Big Ten
13,Ohio State,13,39.4,19.6,31.5,62.3,213.9,2,44.8,245.2,5.5,2.5,76.3,459.2,6,8.9,13.5,1.5,24,6.3,50.6,0.4,0.5,0.9,2016,Big Ten
14,Clemson,15,39.2,28.1,41.9,67.1,333.9,3,39.3,170.3,4.3,2,81.3,504.3,6.2,15.7,8.9,2.3,26.9,6.3,57.7,0.7,1.1,1.9,2016,ACC
15,Alabama,15,38.8,17.7,27.8,63.5,210.3,1.7,42.6,245,5.8,2.2,70.4,455.3,6.5,8.1,12.1,0.8,21,5.7,44,0.7,0.6,1.3,2016,SEC
17,Oklahoma State,13,38.6,22.7,35.8,63.4,323.9,2.2,37.8,171,4.5,2.5,73.5,494.9,6.7,13.4,8.9,1.4,23.7,5.3,49.5,0.8,0.3,1.1,2016,Big 12
18,Washington State,13,38.2,35.9,51.1,70.3,362.5,3.1,27.7,121.2,4.4,1.8,78.8,483.7,6.1,17.3,6.5,2.4,26.2,7.9,68.9,0.4,0.9,1.3,2016,Pac-12
21,Penn State,14,37.6,16.1,27.9,57.8,260.7,2.1,38.3,174.9,4.6,2.4,66.2,435.6,6.6,9.6,8.7,2.1,20.4,4.8,44.1,0.9,0.6,1.4,2016,Big Ten
22,California,12,37.1,31.9,51.8,61.7,358.8,3.1,34.5,154.3,4.5,1.3,86.3,513.2,5.9,16.4,8.6,2.9,27.9,7.4,75.8,0.3,1,1.3,2016,Pac-12
24,Tennessee,13,36.4,18.3,29.2,62.8,238.5,2.2,39.8,205.2,5.2,2.4,68.9,443.7,6.4,10.5,9.7,1.4,21.5,6.2,56.5,1.1,0.9,2,2016,SEC
26,Houston,13,35.8,27.1,40.2,67.3,296.3,1.8,43.2,147.1,3.4,2.2,83.4,443.4,5.3,13.7,9.3,1.2,24.2,4.5,42.6,0.8,1.2,1.9,2016,Big 12
27,Oregon,12,35.4,21.4,33.3,64.4,265.3,2.3,41.1,226.4,5.5,2.4,74.3,491.7,6.6,11.2,10.2,2,23.3,8.3,75.8,0.8,0.5,1.3,2016,Pac-12
31,Florida State,13,35.1,18.8,32.4,58,264.1,1.8,39.8,202.3,5.1,2.5,72.2,466.4,6.5,11,11.5,2.2,24.7,7.7,72.9,0.9,0.6,1.5,2016,ACC
33,Virginia Tech,14,35,19.9,32.1,62.1,261.9,2.2,45.4,183.9,4.1,1.9,77.4,445.7,5.8,12.3,9.6,1.7,23.6,5.1,47.6,1.3,0.6,1.9,2016,ACC
34,Texas A&M,13,34.8,19.6,36.1,54.4,255.2,1.9,37.2,211.8,5.7,2.2,73.3,467,6.4,10.9,9.5,1.2,21.6,6.2,52.7,0.9,0.7,1.6,2016,SEC
35,Baylor,13,34.6,20.7,36.9,56,280.9,2.5,48.3,241.8,5,1.9,85.2,522.7,6.1,10.8,13.4,1.1,25.3,9.9,82.2,0.9,1.2,2.1,2016,Big 12
36,USC,13,34.4,23.4,35.6,65.7,276.4,2.5,38.6,201.1,5.2,1.4,74.2,477.5,6.4,12.6,10.4,1.8,24.8,7.6,67.2,0.7,0.8,1.5,2016,Pac-12
37,Miami (FL),13,34.3,20.2,32.8,61.7,274.2,2.1,33.5,151.8,4.5,1.8,66.2,425.9,6.4,11.4,7.3,1.4,20.1,7.3,67.4,0.2,0.5,0.8,2016,ACC
40,Arizona State,12,33.3,21.4,35.4,60.5,259.3,1.3,39.5,131.8,3.3,2.3,74.9,391.1,5.2,11.2,7.3,1.8,20.3,5.5,52,0.6,1.2,1.8,2016,Pac-12
42,Ole Miss,12,32.6,24.1,40.3,59.8,314.9,2.3,35.2,149.4,4.2,1.4,75.4,464.3,6.2,14.8,8.3,1.8,24.8,4.9,43.3,0.4,1.2,1.6,2016,SEC
44,North Carolina,13,32.3,24.1,35.3,68.2,293.2,2.3,30.8,145.8,4.7,1.6,66.2,439,6.6,12.9,7.4,1.5,21.8,7.6,61.3,0.8,0.5,1.2,2016,ACC
45,Kansas State,13,32.2,13.6,23.8,57.3,157,0.8,43.8,232.2,5.3,3,67.6,389.2,5.8,7.3,12.2,1.9,21.4,6.8,56.6,0.5,0.4,0.9,2016,Big 12
46,Texas,12,31.9,20.1,33.5,60,252,1.8,49.6,240.2,4.8,2.3,83.1,492.2,5.9,10.2,13.1,1.8,25.2,7.1,64.1,0.9,1,1.9,2016,Big 12
48,Missouri,12,31.4,20.8,37.3,55.6,295.4,2.1,41.7,205.1,4.9,2,79,500.5,6.3,10.8,12,1.5,24.3,6.7,58,1.1,0.8,1.9,2016,SEC
49,Auburn,13,31.2,13.7,22.1,62,169.5,0.9,49.6,271.3,5.5,2.5,71.7,440.8,6.1,7.5,13.2,1.2,21.9,4.7,36.5,0.6,0.5,1.1,2016,SEC
50,West Virginia,13,31.2,19.2,31.5,60.9,257.2,2,44.2,228.4,5.2,1.8,75.6,485.5,6.4,11.7,10.4,2.1,24.2,6.5,63.3,0.8,0.8,1.6,2016,Big 12
51,Colorado,14,31.1,20.6,33.5,61.6,254.5,1.5,45,183.9,4.1,2.1,78.5,438.4,5.6,10.6,10.6,2.1,23.4,5.4,47.2,0.6,0.8,1.4,2016,Pac-12
52,TCU,13,31,22.7,38.7,58.6,268.2,1.4,37.5,195,5.2,2.3,76.2,463.2,6.1,11.5,9.6,1.6,22.8,6.8,61.3,0.5,1.1,1.5,2016,Big 12
56,Mississippi State,13,30.4,17.7,31.6,56,209.7,1.8,40.6,231.2,5.7,1.8,72.2,440.8,6.1,9.5,10.9,1.6,22,5.2,47.5,0.5,0.8,1.2,2016,SEC
57,Arkansas,13,30.3,19,31.2,60.8,264.2,2,39.7,164.4,4.1,1.6,70.9,428.5,6,11.5,8.9,1.7,22.3,6.2,51.9,0.8,1.2,1.9,2016,SEC
58,Kentucky,13,30,13.1,24,54.5,186.1,1.3,43.1,234.2,5.4,2.3,67.1,420.2,6.3,7.4,11.2,1.5,20,5.1,46.5,1.2,0.9,2.2,2016,SEC
60,Utah,13,29.8,16.3,30.7,53.1,216.7,1.2,43.8,214,4.9,1.9,74.5,430.7,5.8,9.1,11.1,1.8,21.9,6.9,60.4,1.3,0.6,1.9,2016,Pac-12
63,Minnesota,13,29.3,13.9,25.2,55.2,173.6,0.7,42.9,183.6,4.3,2.6,68.2,357.2,5.2,8.2,9.7,1.3,19.2,6.8,57.2,0.4,0.9,1.3,2016,Big Ten
67,Wisconsin,14,28.4,14.4,23.1,62.5,179.1,1,47,203.1,4.3,2.2,70.1,382.1,5.5,9.3,10.1,0.9,20.3,3.4,32.5,0.4,0.7,1.1,2016,Big Ten
69,LSU,12,28.3,14.5,24.8,58.4,190.1,1,38.2,233.1,6.1,2.5,63,423.2,6.7,8.3,10,1.3,19.6,4.8,41,0.8,0.6,1.4,2016,SEC
70,Georgia Tech,13,28.2,6.4,12.2,52.2,129.2,0.7,47,258.1,5.5,2.6,59.2,387.2,6.5,4.4,12.3,1.1,17.8,4.4,38.5,0.8,0.3,1.2,2016,ACC
71,Iowa State,12,27.7,19.6,33.2,59,258.8,1.8,38.2,162.8,4.3,1.5,71.3,421.6,5.9,11.1,8.6,1.4,21.1,6.3,56.8,0.7,0.7,1.3,2016,Big 12
77,North Carolina State,13,27,20.2,33.7,60,260.5,1.5,38.8,156.2,4,1.8,72.5,416.7,5.8,11.8,8.5,1.5,21.8,6,62.3,0.6,0.9,1.5,2016,ACC
79,Nebraska,13,26.5,15.5,30.8,50.3,211.7,1.4,40.2,169.2,4.2,1.8,70.9,380.9,5.4,10.2,8.6,1.7,20.5,5.8,53.5,0.4,0.7,1.1,2016,Big Ten
84,Stanford,13,26.3,13.8,23.5,58.7,158.2,1.2,40.2,208.9,5.2,1.5,63.6,367.1,5.8,7.5,9.4,1.2,18.1,6.5,54.4,0.7,0.7,1.4,2016,Pac-12
86,Oregon State,12,26.2,16.1,29.4,54.7,173.8,1.1,36.7,192.2,5.2,2,66.1,366,5.5,7.5,9.1,1.6,18.2,8,71.8,0.7,0.9,1.6,2016,Pac-12
87,Northwestern,13,26,21.7,37.2,58.4,245.1,1.7,38.5,153.2,4,1.7,75.7,398.2,5.3,12,8,1.6,21.6,3.6,29.9,0.5,0.7,1.2,2016,Big Ten
88,Indiana,13,25.8,20.2,35.1,57.7,273.8,1.6,41.1,152.2,3.7,1.4,76.2,426,5.6,11.7,8.1,1.7,21.5,6.1,52.8,0.8,1.4,2.2,2016,Big Ten
89,Maryland,13,25.8,15.1,26.3,57.3,178.2,1.2,41,199.5,4.9,2,67.3,377.8,5.6,7.8,9.5,0.8,18.2,6.8,60.7,0.8,0.7,1.5,2016,Big Ten
90,Syracuse,12,25.7,27.7,43.5,63.6,321.3,2,37.3,119.7,3.2,1.3,80.8,440.9,5.5,13.6,6.6,2.2,22.3,8,60.8,0.6,1.1,1.7,2016,ACC
95,Iowa,13,24.9,13.5,23.8,56.5,153.2,1.3,38.6,171.8,4.5,1.8,62.5,325,5.2,6.5,9,1.2,16.7,5,41.3,0.2,0.8,0.9,2016,Big Ten
96,UCLA,12,24.9,22.8,41.2,55.3,295.6,1.8,28.8,84.3,2.9,1.1,69.9,379.8,5.4,12.7,4.9,2.2,19.8,6.6,59.7,0.8,1.3,2.1,2016,Pac-12
97,Arizona,12,24.8,13.1,25.5,51.3,178.1,1.1,42.4,235,5.5,2.2,67.9,413.1,6.1,7.1,10.8,2.7,20.5,6.3,64,0.8,1,1.8,2016,Pac-12
101,Purdue,12,24.6,26,46.4,56,294.9,2.1,30,96.3,3.2,1,76.4,391.3,5.1,12.7,6.5,2,21.2,4.3,37.3,0.7,2.1,2.8,2016,Big Ten
102,Georgia,13,24.5,16.3,29.7,54.9,193.5,1.2,40.8,191.5,4.7,1.4,70.5,384.9,5.5,9,9.7,1.4,20.1,5.7,43,0.8,0.7,1.5,2016,SEC
104,Michigan State,12,24.1,17.6,30.8,57,222.3,1.6,39.3,172.7,4.4,1.2,70.1,395,5.6,10.4,9.1,1,20.5,6.4,60.3,0.6,0.9,1.5,2016,Big Ten
107,Florida,13,23.9,18.5,31.5,58.8,215.8,1.4,34.8,128.2,3.7,0.8,66.3,344,5.2,9.6,7.3,1.2,18.1,6.8,58.3,0.5,1.2,1.7,2016,SEC
110,Duke,12,23.3,23.1,36.9,62.5,239.8,1.5,39.5,153.6,3.9,1.6,76.4,393.3,5.1,11.9,7.9,1.7,21.5,5.2,40.4,1.2,0.8,1.9,2016,ACC
113,Vanderbilt,13,23,16.2,30.3,53.3,191.2,0.7,38.2,164.5,4.3,2,68.5,355.7,5.2,9.9,8.1,1.5,19.5,5.2,44.2,0.3,0.8,1.2,2016,SEC
115,Virginia,12,22.5,22.2,40.6,54.6,239.3,1.9,32,113.6,3.5,1.1,72.6,352.9,4.9,11,7.2,1.7,19.8,6.3,57.9,0.8,1.3,2.2,2016,ACC
116,South Carolina,13,20.8,19.1,30.9,61.7,213.2,0.9,36.5,134.4,3.7,1.5,67.5,347.5,5.2,9.8,7.2,1.6,18.5,5,46.6,1,0.5,1.5,2016,SEC
118,Boston College,13,20.4,11.5,22.8,50.7,143.8,1.1,43.5,149.1,3.4,1.2,66.3,292.8,4.4,6.7,6.8,1.1,14.5,6.9,57.4,0.9,0.6,1.5,2016,ACC
119,Wake Forest,13,20.4,14.6,27.2,53.8,165.7,0.7,41,145.8,3.6,1.3,68.2,311.5,4.6,7.2,8.5,1.5,17.3,4.7,38.5,0.5,1,1.5,2016,ACC
120,Kansas,12,20.3,23.2,38.8,59.8,240.4,1.3,33.8,119.1,3.5,0.9,72.5,359.5,5,8.8,7.4,1.5,17.8,5.9,54.5,1.2,1.8,3,2016,Big 12
122,Illinois,12,19.7,15.3,29.8,51.1,174.6,1.1,29.4,140.5,4.8,1.2,59.3,315.1,5.3,7.6,6.1,1.3,15,6.3,53.3,0.9,0.8,1.7,2016,Big Ten
123,Cincinnati,12,19.3,21.6,37.8,57.2,255.9,1.6,33,118.3,3.6,0.7,70.8,374.3,5.3,11.9,6.3,1.1,19.3,4.6,45.3,0.7,1.3,1.9,2016,Big 12
127,Rutgers,12,15.7,13.3,27.7,47.9,138.3,0.9,40.7,145.3,3.6,0.7,68.3,283.5,4.1,6.8,8,0.8,15.5,5.3,43,1,0.6,1.6,2016,Big Ten
1,Baylor,13,48.1,17.6,29.9,58.9,289.5,3.4,54.8,327.2,6,3.2,84.7,616.7,7.3,11.1,16.9,1.5,29.5,9.1,80.2,1,1,2,2015,Big 12
2,Texas Tech,13,45.1,29.9,47.7,62.7,388.2,3,35.7,191.3,5.4,2.6,83.4,579.5,6.9,15.6,10.8,1.8,28.3,7.1,64.3,0.6,1.2,1.8,2015,Big 12
4,Oklahoma,13,43.5,22.5,33.8,66.5,308.2,2.9,44.2,222.1,5,2.5,77.9,530.2,6.8,13.8,11,2.3,27.2,6.2,61.5,0.7,0.7,1.4,2015,Big 12
5,Oregon,13,43,18.2,28.8,62.9,258.3,2.5,47.5,280.1,5.9,2.6,76.4,538.4,7,10.5,13.3,1.8,25.7,6.9,61,0.5,0.8,1.3,2015,Pac-12
7,TCU,13,42.1,25,39.7,63,347.4,3,43.2,215.5,5,2,82.9,562.8,6.8,14.6,11.2,1.8,27.5,7.2,70.9,0.3,1.2,1.5,2015,Big 12
8,Ole Miss,13,40.8,24.5,37.6,65,334.7,2.7,35.6,183.1,5.1,2.2,73.2,517.8,7.1,14,10.1,2.2,26.2,6.1,54,0.7,1.1,1.8,2015,SEC
9,North Carolina,14,40.7,18.6,29.1,63.7,262.2,2.2,37.6,224.7,6,2.9,66.8,486.9,7.3,11.3,10.4,2.2,23.9,5.7,46.4,0.6,0.7,1.4,2015,ACC
10,Houston,14,40.4,20.3,30.9,65.7,248.3,1.6,47.8,236.3,4.9,3.3,78.6,484.6,6.2,10.6,11.2,1.9,23.7,6.1,56.7,0.5,0.5,1,2015,Big 12
14,Oklahoma State,13,39.5,25,39.8,62.9,353.2,2.7,35.4,126.5,3.6,1.8,75.2,479.6,6.4,15.2,6.8,1.6,23.5,5.7,50.2,0.4,0.8,1.2,2015,Big 12
16,Clemson,15,38.5,23.7,35.2,67.4,291.9,2.3,45.3,222.7,4.9,2.3,80.5,514.5,6.4,13.2,11,2,26.2,5.6,46.3,0.8,1,1.8,2015,ACC
17,California,13,37.9,27.1,42.3,64,375.9,3.4,33.8,152.8,4.5,1.2,76.1,528.8,7,15.5,8.8,2,26.2,5.2,43.7,0.7,1.1,1.8,2015,Pac-12
18,Stanford,14,37.8,15.2,22.7,67,211.8,2.1,43.6,223.6,5.1,2.4,66.3,435.4,6.6,9.2,11.1,1.9,22.2,5.6,46.3,0.4,0.6,0.9,2015,Pac-12
20,Arizona,13,37.4,21,35.8,58.7,272,2.1,40.4,222.8,5.5,2.4,76.2,494.8,6.5,11.3,10.6,2.5,24.5,5.7,48.7,0.8,0.8,1.5,2015,Pac-12
25,Indiana,13,36.5,20.7,35.5,58.4,293.8,2.1,45.5,210.5,4.6,2.1,81,504.3,6.2,12.9,10.8,2.2,25.9,7,59.8,0.5,0.6,1.1,2015,Big Ten
27,Arkansas,13,35.9,18.9,28.8,65.8,268.2,2.4,39.3,198.3,5,2.4,68.1,466.5,6.9,12.8,9.9,0.7,23.4,4.2,36.7,0.2,0.6,0.8,2015,SEC
28,Ohio State,13,35.7,15.6,24.9,62.7,188.8,1.5,43.7,245.3,5.6,3,68.6,434.1,6.3,8.8,11.6,1.2,21.5,5.8,54.7,0.7,0.7,1.4,2015,Big Ten
29,Tennessee,13,35.2,16.9,28.5,59.3,198.6,1.3,47.5,223.7,4.7,2.5,76,422.3,5.6,10,11.5,1,22.5,5.1,40.8,0.5,0.4,0.8,2015,SEC
30,Alabama,15,35.1,20.1,29.7,67.5,227.1,1.5,42.8,199.9,4.7,2.2,72.5,427.1,5.9,9.8,10.5,1.7,22,5.9,55.7,0.5,0.7,1.1,2015,SEC
32,Arizona State,13,34.6,24.5,41,59.8,298.5,2.3,41.3,178.8,4.3,1.5,82.3,477.4,5.8,13.1,8.9,1.5,23.5,4.6,39.8,0.8,0.7,1.5,2015,Pac-12
33,Mississippi State,13,34.4,25.5,38.5,66.2,316.4,2.5,32.8,144.1,4.4,1.6,71.3,460.5,6.5,11.8,8.7,0.7,23.2,4.1,38.9,1,0.4,1.4,2015,SEC
36,West Virginia,13,34,17.8,33,54.1,251.5,2,47.9,228.2,4.8,1.9,80.9,479.7,5.9,10.7,11.8,2.5,25,6.7,70,0.5,1.2,1.7,2015,Big 12
37,USC,14,33.9,22.1,33.1,66.7,269.7,2.1,37.6,168.2,4.5,1.9,70.7,437.9,6.2,11.3,9.3,1.4,22,7.4,68.6,0.4,0.5,0.9,2015,Pac-12
39,Cincinnati,13,33.8,26.2,42.1,62.3,359.9,2.2,39.4,177.9,4.5,1.9,81.5,537.8,6.6,16.7,9.7,2.1,28.5,8,72.9,0.8,1.7,2.5,2015,Big 12
42,North Carolina State,13,33.2,18.9,31.8,59.6,210.8,1.5,41.5,202.5,4.9,2.8,73.3,413.3,5.6,10.1,10.2,1.2,21.5,5.5,52.8,0.5,0.5,1,2015,ACC
43,LSU,12,32.8,12.4,23.2,53.6,180.4,1.1,42.1,256.8,6.1,2.9,65.3,437.3,6.7,6.8,10.8,1.6,20.5,8,64.5,0.3,0.5,0.8,2015,SEC
44,Nebraska,13,32.8,19.7,35.2,55.9,266.9,2.1,38.2,180,4.7,1.8,73.4,446.9,6.1,12.3,8.8,1.7,22.8,7.2,63.8,0.5,1.6,2.1,2015,Big Ten
45,UCLA,13,32.2,23.1,39.2,58.8,288.9,1.8,35.4,176.8,5,2,74.6,465.8,6.2,12.6,9.2,1.3,23.1,8.3,70.3,0.5,1,1.5,2015,Pac-12
47,Florida State,13,31.7,20.3,32.2,63,255.8,1.7,32.7,168.2,5.1,2.1,64.9,424,6.5,10.8,8.2,1.5,20.6,6.8,54,0.5,0.7,1.2,2015,ACC
48,Duke,13,31.5,22.6,39.2,57.8,246.4,1.4,40.3,193,4.8,1.9,79.5,439.4,5.5,12,9.2,2.6,23.8,5.5,47.8,0.8,0.8,1.6,2015,ACC
49,Washington State,13,31.5,38.5,56.8,67.8,389.2,3.2,22.6,80.5,3.6,0.6,79.4,469.6,5.9,18.1,5.8,1.5,25.4,5.3,40,1,0.9,1.9,2015,Pac-12
50,Michigan,13,31.4,19.8,31.9,62.2,237.7,1.6,37.8,158.2,4.2,2.1,69.7,395.9,5.7,11.5,7.4,1.5,20.4,6.7,59.8,0.5,0.8,1.2,2015,Big Ten
53,Virginia Tech,13,31,17.2,30.3,56.6,225.8,1.8,41.9,159.3,3.8,1.5,72.2,385.2,5.3,9.5,9.1,1.5,20.1,7.4,62.8,0.5,1.1,1.6,2015,ACC
54,Iowa,14,30.9,16.2,26.4,61.5,204.4,1.2,40.6,181.7,4.5,2.5,66.9,386.1,5.8,8.8,9.6,1.9,20.3,5.2,48.8,0.8,0.4,1.1,2015,Big Ten
55,Utah,13,30.6,17.2,27.1,63.6,179.8,1.2,43.9,183.2,4.2,1.8,71,363,5.1,7.8,10.5,1.9,20.2,5.5,53.3,0.8,0.8,1.6,2015,Pac-12
56,Washington,13,30.6,18.8,30.5,61.9,239.2,1.3,36.7,163.8,4.5,2.1,67.2,403.1,6,10.8,8.3,1,20.1,5.5,50.1,0.8,0.8,1.7,2015,Pac-12
58,Kansas State,13,29.9,12.5,26.5,47,176,1.1,40.8,157,3.9,2.2,67.3,333,4.9,7.6,8.9,1.9,18.5,5.1,38.5,0.5,1,1.5,2015,Big 12
60,Michigan State,14,29.8,17.4,31.4,55.5,234.2,1.9,39.4,151.4,3.8,1.7,70.8,385.6,5.4,11.6,8.3,1.5,21.4,5.4,42.9,0.4,0.6,1,2015,Big Ten
63,Georgia Tech,12,29.3,6.8,16,42.2,121.3,1.2,48.6,256.7,5.3,2.5,64.6,378,5.9,5.3,12.8,1.4,19.4,3.2,27.4,1.2,0.8,2,2015,ACC
65,Louisville,13,28.7,17.5,31.5,55.5,245.1,1.6,37.8,171,4.5,1.8,69.2,416.1,6,10.5,8.8,1.6,20.9,7.5,62.6,0.9,1.2,2.1,2015,ACC
71,Miami (FL),13,27.8,20.6,34.5,59.7,277.1,1.4,32.6,119.9,3.7,1.5,67.2,397,5.9,11.7,6.1,1.4,19.2,9.3,84.2,0.3,0.7,1,2015,ACC
73,Texas A&M,13,27.8,21,37.1,56.6,258.5,1.9,38.8,169.1,4.4,0.9,75.9,427.5,5.6,11.1,9.5,2,22.5,6.4,54.8,0.7,1.2,1.8,2015,SEC
74,Auburn,13,27.5,13.8,23.5,58.5,173.5,0.8,45.2,196.4,4.3,2.2,68.7,369.9,5.4,7.5,11.5,0.8,19.8,4.8,46.4,0.4,0.9,1.3,2015,SEC
77,Syracuse,12,27.3,13.8,25.6,53.7,156.9,1.6,37,163.2,4.4,1.3,62.6,320.1,5.1,6.6,8.3,2.3,17.1,5.3,48.1,0.8,0.8,1.5,2015,ACC
78,Rutgers,12,27.1,16.8,28,60.1,207.1,1.6,39.2,169.9,4.3,1.4,67.2,377,5.6,9.3,9.3,1.1,19.7,6.6,52,0.5,1,1.5,2015,Big Ten
81,Wisconsin,13,26.8,19.4,32.2,60.1,228.3,1.1,39.4,150.3,3.8,2.1,71.6,378.6,5.3,12.1,7.3,1.8,21.2,5.8,53,0.4,1,1.4,2015,Big Ten
84,Texas,12,26.4,11.6,21,55.2,145.9,0.8,44.1,224.8,5.1,2.3,65.1,370.8,5.7,5.8,10.3,0.8,16.8,6.4,59.1,0.7,0.5,1.2,2015,Big 12
85,Georgia,13,26.3,15.3,25.2,60.9,185.1,1.1,37.2,190.4,5.1,1.7,62.4,375.5,6,8.8,8.8,0.8,18.5,5.2,45.5,0.7,0.6,1.3,2015,SEC
89,Virginia,12,25.8,21,34.4,61,238.3,1.8,35.3,144.8,4.1,1.1,69.8,383,5.5,11.6,6.9,1.8,20.3,7.6,63.8,0.5,1.5,2,2015,ACC
92,Purdue,12,25.1,24.2,42,57.5,237.3,1.5,34.8,131.3,3.8,1.8,76.8,368.6,4.8,10.6,7.1,2.1,19.8,5.4,53.9,0.8,1.3,2.2,2015,Big Ten
93,Iowa State,12,25,19.8,34.3,57.7,226.3,1.5,41.5,182,4.4,1.5,75.8,408.3,5.4,9.8,10,1.6,21.4,4.9,40.8,1,1,2,2015,Big 12
95,Kentucky,12,24.7,18.2,33.1,54.9,209.3,0.8,34.9,162.7,4.7,1.8,68,372,5.5,8.6,8.3,1.6,18.5,5.8,56.3,0.5,1.3,1.8,2015,SEC
96,Maryland,12,24.7,15.3,32.3,47.2,174.3,1.3,36.8,200.7,5.5,1.7,69.1,375,5.4,8,8.8,1.3,18.1,7,61.8,0.6,2.4,3,2015,Big Ten
97,Colorado,13,24.6,21.9,35.8,61.3,239.3,1,41.8,157.5,3.8,1.8,77.5,396.8,5.1,11.1,9.7,1.6,22.4,6.2,55.7,0.7,0.9,1.6,2015,Pac-12
100,Florida,14,23.2,16.3,28.9,56.4,206.9,1.4,36.4,128,3.5,1.4,65.3,334.9,5.1,9.2,6.9,0.6,16.7,6.5,52.6,0.5,0.7,1.2,2015,SEC
101,Penn State,13,23.2,16.5,31.1,53.2,214.5,1.5,32.6,133.9,4.1,1.2,63.7,348.4,5.5,8.1,6.4,2,16.5,5.2,41.6,0.9,0.5,1.4,2015,Big Ten
103,Illinois,12,22.7,23.8,43.3,54.9,243.4,1.3,32.3,129.3,4,1.1,75.6,372.7,4.9,11.8,6.9,1.8,20.4,5.5,49.1,0.8,0.7,1.4,2015,Big Ten
106,Minnesota,13,22.5,19.3,32.8,58.8,214.8,1.2,34.3,144.1,4.2,1.3,67.2,358.9,5.3,10.2,6.2,1.2,17.6,5.6,45.5,0.8,0.8,1.7,2015,Big Ten
110,South Carolina,12,21.9,15.9,29.3,54.4,207.5,1.4,35.3,154.7,4.4,0.9,64.5,362.2,5.6,8.9,8.1,1,18,5,39,0.3,1,1.3,2015,SEC
114,Northwestern,13,19.5,13.4,27.1,49.4,138.5,0.6,46.2,188.5,4.1,1.2,73.2,327.1,4.5,7.8,8.6,1.4,17.8,4.5,39.7,0.5,1,1.5,2015,Big Ten
115,Oregon State,12,19,13.4,28.6,46.9,159.1,0.8,37.2,177.3,4.8,1.3,65.8,336.4,5.1,7.4,8.3,1.8,17.6,6.3,58.7,0.4,0.9,1.3,2015,Pac-12
120,Wake Forest,12,17.4,19.7,34.8,56.6,228.3,1.1,34.8,105.7,3,1,69.5,333.9,4.8,10.3,6.2,2.5,18.9,5.1,46.9,0.5,1.5,2,2015,ACC
121,Boston College,12,17.2,9.2,20.7,44.4,110.9,0.7,41.9,164.7,3.9,1.4,62.6,275.6,4.4,4.9,8,1.6,14.5,6.5,57.4,0.9,0.8,1.7,2015,ACC
123,Kansas,12,15.3,20.3,37.7,53.8,218.6,0.9,37,112.9,3.1,0.8,74.7,331.5,4.4,9.3,5.5,0.9,17.7,5.8,55.3,0.8,1.2,2,2015,Big 12
125,Vanderbilt,12,15.2,16,31.3,51.1,171.8,0.9,41.3,155.3,3.8,0.8,72.7,327.2,4.5,7.8,8.3,1.5,17.6,6.1,47.8,0.8,1.3,2.1,2015,SEC
127,Missouri,12,13.6,15.5,31.1,49.9,165.5,0.8,33.1,115.4,3.5,0.4,64.2,280.9,4.4,7.1,6.3,1.7,15.1,5.3,43.1,0.4,1,1.4,2015,SEC
1,Baylor,13,48.2,24.8,39.9,62.2,365.9,2.9,47.6,215.5,4.5,3.3,87.5,581.5,6.6,14.8,13.2,2.1,30.1,9.8,88.4,0.4,0.6,1,2014,Big 12
2,TCU,13,46.5,25,40.7,61.4,326.2,2.8,39.2,206.8,5.3,2.5,79.8,533,6.7,13.3,10.7,1.5,25.5,6.3,59,0.8,0.8,1.7,2014,Big 12
4,Oregon,15,45.4,21.7,31.6,68.8,312.5,2.9,42.9,234.5,5.5,2.8,74.5,547,7.3,13.2,12.2,1.7,27.1,8.2,72,0.5,0.3,0.7,2014,Pac-12
5,Ohio State,15,44.8,17.3,27.3,63.6,247.1,2.8,46,264.5,5.7,2.7,73.3,511.6,7,10,14.5,1.3,25.7,5.6,47.4,0.9,0.8,1.7,2014,Big Ten
7,Michigan State,13,43,18.2,30.8,59,265.6,2,45.7,235.2,5.1,3.4,76.5,500.8,6.5,11.8,11.8,1.1,24.7,6.2,58,0.5,0.7,1.2,2014,Big Ten
8,Georgia,13,41.3,16.7,24.8,67.4,199.9,1.8,42.6,258.8,6.1,2.9,67.4,458.8,6.8,9.7,11.8,1.4,22.9,5,41.5,0.5,0.5,1,2014,SEC
11,California,12,38.3,27.3,44.5,61.4,345.3,3.1,36.6,149,4.1,1.8,81.1,494.3,6.1,15.6,8.3,2.7,26.5,8.9,82.6,0.8,0.8,1.7,2014,Pac-12
12,Georgia Tech,14,37.9,7.6,14.5,52.2,134.4,1.4,56.4,342.1,6.1,3.4,70.9,476.5,6.7,5.6,18.5,0.9,25,4.9,41.1,0.9,0.4,1.3,2014,ACC
13,Nebraska,13,37.8,14.6,27.6,52.9,212.1,1.8,45.2,240.2,5.3,2.7,72.8,452.3,6.2,8.8,11.5,2,22.3,5.8,50.4,1,0.9,1.9,2014,Big Ten
16,Alabama,14,36.9,20.7,32.2,64.3,277.9,2.3,40.5,206.6,5.1,2.5,72.7,484.5,6.7,12.1,11,1.1,24.3,4.9,40.1,0.9,0.7,1.6,2014,SEC
17,Arizona State,13,36.9,21.6,35.9,60.2,273.5,2.6,39.1,168.8,4.3,1.5,75,442.3,5.9,12.8,8.5,1.9,23.2,4.5,32.4,0.3,0.7,1,2014,Pac-12
18,Mississippi State,13,36.9,20.1,32.5,61.7,280.7,2.4,44.5,233.1,5.2,2.2,77,513.8,6.7,12.2,12.3,1.2,25.7,5.2,39.5,0.8,0.9,1.8,2014,SEC
21,Oklahoma,13,36.4,16.2,29.7,54.4,203.5,1.3,42.8,261.2,6.1,3.1,72.5,464.7,6.4,9.1,12.4,1.1,22.5,5.4,49.8,0.5,1.3,1.8,2014,Big 12
24,Kansas State,13,35.8,20.8,31.9,65.3,287.4,1.8,36.6,134.2,3.7,2.3,68.5,421.6,6.2,12.5,8,2.2,22.6,4.4,39.3,0.4,0.6,1,2014,Big 12
25,USC,13,35.8,24.5,35.4,69.1,296.6,3,40.2,161,4,1.4,75.6,457.6,6.1,12.7,9.4,1.6,23.7,8.8,78.7,0.5,0.4,0.9,2014,Pac-12
27,Auburn,13,35.5,16,25.5,62.7,229.5,1.8,46.7,255.5,5.5,2.5,72.2,485,6.7,10.2,13.2,0.8,24.2,7.1,68.9,1,0.5,1.5,2014,SEC
28,Texas A&M,13,35.2,25.5,39.5,64.6,305.5,3,32.4,149.9,4.6,1.5,71.9,455.4,6.3,13.8,8.2,1.2,23.1,5.2,50.6,0.4,1.2,1.5,2014,SEC
29,Wisconsin,14,34.6,12.6,23,55,148.7,1.1,46.3,320.1,6.9,3.3,69.3,468.9,6.8,7.4,13.5,1.1,22,4.6,43.4,0.7,1.1,1.9,2014,Big Ten
30,Arizona,14,34.5,22.9,40.3,56.7,281.8,2.1,41.1,181.9,4.4,1.9,81.4,463.7,5.7,12.6,9.1,3,24.7,6.6,62.9,0.6,0.7,1.3,2014,Pac-12
31,Cincinnati,13,34,22.6,37.8,59.9,303.6,2.7,34.9,156.5,4.5,1.4,72.7,460.2,6.3,14.2,7.9,1.7,23.8,4.5,41.7,0.6,1.1,1.7,2014,Big 12
35,Florida State,14,33.7,23.6,36.9,64,303.3,1.9,32.2,138.1,4.3,1.9,69.1,441.4,6.4,13.4,7.9,1.7,23,6.2,47.7,0.9,1.4,2.3,2014,ACC
36,UCLA,13,33.5,22.9,33.5,68.5,258.3,1.8,42.8,209.5,4.9,2,76.3,467.8,6.1,10.9,11.1,1.4,23.4,8,75.3,0.8,0.5,1.2,2014,Pac-12
37,West Virginia,13,33.5,26.2,41.1,63.7,317,2,43.3,182.8,4.2,1.4,84.4,499.8,5.9,13.5,9.6,2.8,25.9,6.5,58.2,1.5,0.8,2.2,2014,Big 12
38,North Carolina,13,33.2,24.2,39.2,61.9,278,2.2,38.2,151.8,4,2,77.3,429.8,5.6,12.1,9.8,2,23.8,7.6,63.2,0.8,1,1.8,2014,ACC
42,South Carolina,13,32.6,21.3,36,59.2,282.4,2.2,36.8,161,4.4,1.8,72.8,443.4,6.1,11.5,10.1,1.8,23.5,5.4,46.6,0.8,0.8,1.6,2014,SEC
43,Duke,13,32.4,20.6,36.2,56.9,216.5,1.8,37.8,181.8,4.8,1.8,74.1,398.3,5.4,10,10.2,1.8,22,4.9,38.7,0.5,0.6,1.2,2014,ACC
45,Arkansas,13,31.9,15.3,27.6,55.4,188,1.6,42.8,218,5.1,2.4,70.5,406,5.8,9.2,11.2,1.7,22.2,5.2,44.7,0.8,0.5,1.3,2014,SEC
48,Washington State,12,31.8,42.5,64.3,66.1,477.7,3.8,20.3,39.8,2,0.4,84.5,517.5,6.1,20.9,3.8,2.5,27.2,7.8,67.7,0.6,1.5,2.1,2014,Pac-12
52,Utah,13,31.3,17.6,29.1,60.6,197.7,1.5,43.5,190.4,4.4,1.6,72.5,388.1,5.3,8.6,9.7,1.2,19.5,5.9,54,0.6,0.6,1.2,2014,Pac-12
53,Louisville,13,31.2,18.2,32.9,55.4,252,1.6,39.3,142.7,3.6,2.2,72.2,394.7,5.5,10.2,8.9,1.2,20.4,6.9,49.3,1.2,0.8,2,2014,ACC
54,Clemson,13,30.8,22.5,34.7,64.7,261.8,1.8,41.5,146.5,3.5,1.5,76.2,408.3,5.4,11.2,8.1,1.3,20.5,4,35.1,0.5,0.9,1.4,2014,ACC
55,Texas Tech,12,30.5,27.7,46.6,59.4,351.1,3.3,29.6,153,5.2,0.7,76.2,504.1,6.6,14.8,7.9,1.9,24.7,9.3,89.2,0.8,1.5,2.3,2014,Big 12
56,Florida,12,30.3,14.1,27,52.2,179.9,1.5,43.1,187.7,4.4,1.8,70.1,367.6,5.2,7.2,9.3,1.1,17.5,6.7,59.2,0.8,1.2,2,2014,SEC
57,North Carolina State,13,30.2,17.2,29.3,58.8,204,1.8,39.1,204.5,5.2,2,68.4,408.5,6,9.4,10.8,1.5,21.7,4.8,42.9,0.7,0.5,1.2,2014,ACC
58,Washington,14,30.2,18.2,28.6,63.8,200.1,1.4,43.4,188.6,4.3,1.6,71.9,388.6,5.4,8.6,9.9,1.4,20,7,61.8,0.8,0.4,1.2,2014,Pac-12
60,Houston,13,29.8,20.9,34.6,60.4,230.2,1.4,38.1,183.9,4.8,2.2,72.7,414.2,5.7,9.5,10,2.5,22,6.5,59.3,0.5,1.2,1.7,2014,Big 12
62,Kentucky,12,29.2,19,33.8,56.3,231.2,1.2,37,153.2,4.1,1.8,70.8,384.3,5.4,9,8.8,1.5,19.3,5.5,50.3,0.3,0.9,1.3,2014,SEC
63,Miami (FL),13,29.2,17.5,30.1,58.1,249.9,2,34.3,180.4,5.3,1.5,64.4,430.3,6.7,9.8,8.8,1.3,19.8,7.2,63.6,0.9,0.9,1.8,2014,ACC
65,Tennessee,13,28.9,21.6,34.8,62,224.2,1.8,40.3,146.4,3.6,1.5,75.2,370.5,4.9,10.7,9.1,1.5,21.3,4.2,34.2,0.6,1.1,1.7,2014,SEC
67,Colorado,12,28.5,29,45.4,63.9,284.1,2.4,37.6,155,4.1,1.1,83,439.1,5.3,13.3,8.4,3,24.7,7.2,67.8,0.5,1.3,1.8,2014,Pac-12
68,Maryland,13,28.5,17.5,32.2,54.5,220.2,1.5,32.9,121.8,3.7,1.6,65.1,342.1,5.3,9.2,6.8,1.5,17.5,5.9,52.1,0.6,1.1,1.7,2014,Big Ten
69,Minnesota,13,28.4,9.8,19.5,50,141.8,0.9,46.1,215.5,4.7,2.5,65.6,357.3,5.4,5.8,11.4,1.1,18.3,5.3,46.5,0.8,0.7,1.5,2014,Big Ten
70,Ole Miss,13,28.3,19.8,32.9,60.3,263.6,1.8,36.6,155.5,4.2,1.6,69.5,419.1,6,11.5,7.5,1.5,20.4,5.3,42.2,0.8,1.2,1.9,2014,SEC
71,Iowa,13,28.2,20.4,33.6,60.6,237,1.6,39.5,163.1,4.1,1.7,73.2,400.1,5.5,10,9.5,2.1,21.5,3.5,29.5,1.2,0.5,1.7,2014,Big Ten
73,Missouri,14,27.8,15.8,29.6,53.3,189.1,1.8,38.5,177.9,4.6,1.2,68.1,367,5.4,8.7,9.2,1.4,19.2,7.3,58.2,0.2,0.9,1.1,2014,SEC
76,LSU,13,27.6,10.6,21.2,50.2,162.9,1.3,47.8,224.5,4.7,1.9,69,387.5,5.6,6.5,12.2,1.5,20.2,5.5,45.8,0.6,0.7,1.3,2014,SEC
77,Oklahoma State,13,27.6,17.1,30.8,55.4,242.2,1.5,38.9,136.6,3.5,1.4,69.8,378.8,5.4,9.8,7.1,2,18.9,6.1,53.8,0.4,1.3,1.7,2014,Big 12
80,Stanford,13,27.2,19.1,29.3,65.1,229.8,1.5,36.7,158.8,4.3,1.7,66,388.6,5.9,11.5,7.3,1.7,20.5,5.8,48.5,1,0.6,1.6,2014,Pac-12
83,Rutgers,13,26.7,15.3,27.5,55.7,227.4,1.7,37.6,162.6,4.3,1.6,65.1,390,6,8.8,9,0.8,18.5,4.7,41.9,0.5,1,1.5,2014,Big Ten
86,Boston College,13,26.2,10.4,18.7,55.6,129.3,1,48.8,254.7,5.2,2.4,67.5,384,5.7,5.6,12.1,1.4,19.1,4.5,38.3,0.2,0.8,1,2014,ACC
87,Illinois,13,25.9,22.1,36.2,61.1,249.8,1.9,31.8,117.5,3.7,1.2,67.9,367.2,5.4,10.4,6.5,2.2,19.1,6.1,51.5,0.8,0.9,1.7,2014,Big Ten
88,Virginia,12,25.8,20.7,36,57.4,236.4,1.5,37.6,137.8,3.7,1.1,73.6,374.2,5.1,11.4,7.3,1.8,20.5,6.5,57.8,0.7,1.3,2,2014,ACC
89,Oregon State,12,25.7,24.2,39.3,61.4,275.4,1.3,31.3,118.2,3.8,1.6,70.7,393.6,5.6,11.5,6.5,2.8,20.8,8.9,79.8,0.5,0.7,1.2,2014,Pac-12
90,Indiana,12,25.1,14,26.1,53.7,141.4,0.6,44.9,263.6,5.9,2.4,71,405,5.7,6.1,11.2,1.6,18.8,6.5,60.7,0.8,0.8,1.6,2014,Big Ten
96,Virginia Tech,13,24.1,20.8,35.1,59.4,217.4,1.5,39,147.9,3.8,0.9,74.1,365.3,4.9,10,8.1,2,20.1,7.5,59.2,0.8,1.2,2,2014,ACC
98,Purdue,12,23.8,19.4,36.2,53.7,187.4,1.3,33.5,157.2,4.7,1.4,69.7,344.6,4.9,8.3,7.9,1,17.3,4.9,41.9,0.7,1.3,2,2014,Big Ten
99,Iowa State,12,23.2,23.5,42.5,55.3,248.4,1.8,33.5,124.1,3.7,1,76,372.5,4.9,11.8,7.7,1.9,21.3,4.3,40.8,0.4,0.9,1.3,2014,Big 12
102,Northwestern,12,23,21.8,37.8,57.5,216.5,0.8,40.5,136.6,3.4,1.7,78.3,353.1,4.5,11.3,7.6,1.5,20.3,5.2,52.3,0.8,1.2,1.9,2014,Big Ten
109,Texas,13,21.4,18.7,32.2,58.1,199.9,1.1,36.5,137.4,3.8,1.4,68.6,337.3,4.9,8.8,7.7,1.3,17.8,5.9,51.1,1.1,0.8,1.9,2014,Big 12
112,Michigan,12,20.9,15.8,27.2,58,170.2,0.8,35.4,162.8,4.6,1.4,62.6,333,5.3,8.7,8.4,1.4,18.5,3.5,31.8,0.7,1.5,2.2,2014,Big Ten
113,Penn State,13,20.6,21.2,38.2,55.5,233.4,1,34.7,101.9,2.9,1,72.9,335.3,4.6,10.5,6.5,2.2,19.2,5.8,46.2,0.8,1.2,2,2014,Big Ten
118,Kansas,12,17.8,17,31.3,54.3,202.9,1.2,38.8,121.2,3.1,0.9,70.2,324.1,4.6,8.7,6.8,1,16.4,6.3,55.8,0.4,1.1,1.5,2014,Big 12
120,Vanderbilt,12,17.2,15,29.8,50.4,179.1,1.1,31.9,109.3,3.4,0.6,61.7,288.3,4.7,7.8,6.5,1.8,16.1,6.1,52.5,0.8,1.6,2.4,2014,SEC
121,Syracuse,12,17.1,17.3,31.9,54,184.1,0.5,35.3,145.2,4.1,1,67.3,329.3,4.9,7.8,7.7,1.4,16.8,7.2,59.1,0.3,1.4,1.8,2014,ACC
127,Wake Forest,12,14.8,18.8,32.1,58.4,176.3,1,31.9,39.9,1.3,0.3,64,216.3,3.4,8.5,4.3,1.6,14.3,5,47.8,0.6,1.2,1.8,2014,ACC
